feat_name,gene_name_10,ensembl_id_10,chr_v10_ncbi,chr_v11_ncbi,strand,gene_start_10,gene_end_10,relative_var_pos_10,var_pos_10,var_pos_11
Line:1403,CYB5R3,ENSSSCG00000000038,5,NOMAP,1,3610542,3628216,2264,3612805,NOMAP
Line:1547,CYB5R3,ENSSSCG00000000038,5,NOMAP,1,3610542,3628216,7341,3617882,NOMAP
Line:1609,CYB5R3,ENSSSCG00000000038,5,NOMAP,1,3610542,3628216,9623,3620164,NOMAP
Line:1640,CYB5R3,ENSSSCG00000000038,5,NOMAP,1,3610542,3628216,10374,3620915,NOMAP
Line:1703,CYB5R3,ENSSSCG00000000038,5,NOMAP,1,3610542,3628216,12117,3622658,NOMAP
Line:1730,CYB5R3,ENSSSCG00000000038,5,NOMAP,1,3610542,3628216,12877,3623418,NOMAP
Line:1788,CYB5R3,ENSSSCG00000000038,5,NOMAP,1,3610542,3628216,14467,3625008,NOMAP
Line:2146,TGFB3,ENSSSCG00000002385,7,NOMAP,-1,105178633,105206982,2325,105204658,NOMAP
Line:2722,TGFB3,ENSSSCG00000002385,7,NOMAP,-1,105178633,105206982,23737,105183246,NOMAP
Line:6142,CYB5B,ENSSSCG00000002756,6,NOMAP,-1,16469802,16505285,2083,16503203,NOMAP
Line:7123,CYB5B,ENSSSCG00000002756,6,NOMAP,-1,16469802,16505285,31016,16474270,NOMAP
Line:7672,KITLG,ENSSSCG00000000922,5,NOMAP,1,98745827,98834131,6095,98751921,NOMAP
Line:7673,KITLG,ENSSSCG00000000922,5,NOMAP,1,98745827,98834131,6096,98751922,NOMAP
Line:7674,KITLG,ENSSSCG00000000922,5,NOMAP,1,98745827,98834131,6129,98751955,NOMAP
Line:7874,KITLG,ENSSSCG00000000922,5,NOMAP,1,98745827,98834131,12157,98757983,NOMAP
Line:7887,KITLG,ENSSSCG00000000922,5,NOMAP,1,98745827,98834131,12320,98758146,NOMAP
Line:8945,KITLG,ENSSSCG00000000922,5,NOMAP,1,98745827,98834131,37352,98783178,NOMAP
Line:9753,KITLG,ENSSSCG00000000922,5,NOMAP,1,98745827,98834131,53959,98799785,NOMAP
Line:9778,KITLG,ENSSSCG00000000922,5,NOMAP,1,98745827,98834131,54590,98800416,NOMAP
Line:9815,KITLG,ENSSSCG00000000922,5,NOMAP,1,98745827,98834131,55253,98801079,NOMAP
Line:9816,KITLG,ENSSSCG00000000922,5,NOMAP,1,98745827,98834131,55254,98801080,NOMAP
Line:9822,KITLG,ENSSSCG00000000922,5,NOMAP,1,98745827,98834131,55364,98801190,NOMAP
Line:9831,KITLG,ENSSSCG00000000922,5,NOMAP,1,98745827,98834131,55536,98801362,NOMAP
Line:9856,KITLG,ENSSSCG00000000922,5,NOMAP,1,98745827,98834131,55993,98801819,NOMAP
Line:9862,KITLG,ENSSSCG00000000922,5,NOMAP,1,98745827,98834131,56062,98801888,NOMAP
Line:9968,KITLG,ENSSSCG00000000922,5,NOMAP,1,98745827,98834131,59107,98804933,NOMAP
Line:9976,KITLG,ENSSSCG00000000922,5,NOMAP,1,98745827,98834131,59344,98805170,NOMAP
Line:9982,KITLG,ENSSSCG00000000922,5,NOMAP,1,98745827,98834131,59500,98805326,NOMAP
Line:9989,KITLG,ENSSSCG00000000922,5,NOMAP,1,98745827,98834131,59630,98805456,NOMAP
Line:9996,KITLG,ENSSSCG00000000922,5,NOMAP,1,98745827,98834131,59681,98805507,NOMAP
Line:12552,TGFB1,ENSSSCG00000003017,6,NOMAP,-1,45127027,45139176,8707,45130470,NOMAP
Line:12579,TGFB1,ENSSSCG00000003017,6,NOMAP,-1,45127027,45139176,9741,45129436,NOMAP
Line:13077,FUT1,ENSSSCG00000003141,6,NOMAP,-1,49824783,49827868,878,49826991,NOMAP
Line:14116,RYR1,ENSSSCG00000002961,6,NOMAP,1,42840240,42960106,45852,42886091,NOMAP
Line:14521,RYR1,ENSSSCG00000002961,6,NOMAP,1,42840240,42960106,67293,42907532,NOMAP
Line:14578,RYR1,ENSSSCG00000002961,6,NOMAP,1,42840240,42960106,69585,42909824,NOMAP
Line:14817,RYR1,ENSSSCG00000002961,6,NOMAP,1,42840240,42960106,81690,42921929,NOMAP
Line:14958,RYR1,ENSSSCG00000002961,6,NOMAP,1,42840240,42960106,89102,42929341,NOMAP
Line:15120,RYR1,ENSSSCG00000002961,6,NOMAP,1,42840240,42960106,96927,42937166,NOMAP
Line:15121,RYR1,ENSSSCG00000002961,6,NOMAP,1,42840240,42960106,96929,42937168,NOMAP
Line:15289,RYR1,ENSSSCG00000002961,6,NOMAP,1,42840240,42960106,106349,42946588,NOMAP
Line:15295,RYR1,ENSSSCG00000002961,6,NOMAP,1,42840240,42960106,106429,42946668,NOMAP
Line:15318,RYR1,ENSSSCG00000002961,6,NOMAP,1,42840240,42960106,107780,42948019,NOMAP
Line:15340,RYR1,ENSSSCG00000002961,6,NOMAP,1,42840240,42960106,109230,42949469,NOMAP
Line:15386,RYR1,ENSSSCG00000002961,6,NOMAP,1,42840240,42960106,111590,42951829,NOMAP
Line:15576,SULT2A1,ENSSSCG00000003130,6,NOMAP,-1,49108567,49119941,5340,49114602,NOMAP
Line:15588,SULT2A1,ENSSSCG00000003130,6,NOMAP,-1,49108567,49119941,6313,49113629,NOMAP
Line:15620,SULT2A1,ENSSSCG00000003130,6,NOMAP,-1,49108567,49119941,8607,49111335,NOMAP
Line:16749,MC4R,ENSSSCG00000004904,1,NOMAP,-1,178553488,178555219,295,178554925,NOMAP
Line:16750,MC4R,ENSSSCG00000004904,1,NOMAP,-1,178553488,178555219,328,178554892,NOMAP
Line:17568,CYB5A,ENSSSCG00000004875,1,NOMAP,1,165902018,165937614,19879,165921896,NOMAP
Line:17712,CYB5A,ENSSSCG00000004875,1,NOMAP,1,165902018,165937614,27514,165929531,NOMAP
Line:19291,HSD17B3,ENSSSCG00000010937,10,NOMAP,1,29949458,30159369,29667,29979124,NOMAP
Line:20886,HSD17B3,ENSSSCG00000010937,10,NOMAP,1,29949458,30159369,84301,30033758,NOMAP
Line:20887,HSD17B3,ENSSSCG00000010937,10,NOMAP,1,29949458,30159369,84382,30033839,NOMAP
Line:20888,HSD17B3,ENSSSCG00000010937,10,NOMAP,1,29949458,30159369,84401,30033858,NOMAP
Line:20889,HSD17B3,ENSSSCG00000010937,10,NOMAP,1,29949458,30159369,84404,30033861,NOMAP
Line:21331,HSD17B3,ENSSSCG00000010937,10,NOMAP,1,29949458,30159369,108093,30057550,NOMAP
Line:21332,HSD17B3,ENSSSCG00000010937,10,NOMAP,1,29949458,30159369,108341,30057798,NOMAP
Line:21841,HSD17B3,ENSSSCG00000010937,10,NOMAP,1,29949458,30159369,123610,30073067,NOMAP
Line:21842,HSD17B3,ENSSSCG00000010937,10,NOMAP,1,29949458,30159369,123620,30073077,NOMAP
Line:22109,HSD17B3,ENSSSCG00000010937,10,NOMAP,1,29949458,30159369,132270,30081727,NOMAP
Line:22318,HSD17B3,ENSSSCG00000010937,10,NOMAP,1,29949458,30159369,140850,30090307,NOMAP
Line:22388,HSD17B3,ENSSSCG00000010937,10,NOMAP,1,29949458,30159369,147198,30096655,NOMAP
Line:22650,HSD17B3,ENSSSCG00000010937,10,NOMAP,1,29949458,30159369,163696,30113153,NOMAP
Line:23057,HSD17B3,ENSSSCG00000010937,10,NOMAP,1,29949458,30159369,177233,30126690,NOMAP
Line:23089,HSD17B3,ENSSSCG00000010937,10,NOMAP,1,29949458,30159369,178224,30127681,NOMAP
Line:23223,HSD17B3,ENSSSCG00000010937,10,NOMAP,1,29949458,30159369,182609,30132066,NOMAP
Line:23225,HSD17B3,ENSSSCG00000010937,10,NOMAP,1,29949458,30159369,182618,30132075,NOMAP
Line:23237,HSD17B3,ENSSSCG00000010937,10,NOMAP,1,29949458,30159369,182819,30132276,NOMAP
Line:23239,HSD17B3,ENSSSCG00000010937,10,NOMAP,1,29949458,30159369,182873,30132330,NOMAP
Line:23317,HSD17B3,ENSSSCG00000010937,10,NOMAP,1,29949458,30159369,185180,30134637,NOMAP
Line:23331,HSD17B3,ENSSSCG00000010937,10,NOMAP,1,29949458,30159369,185346,30134803,NOMAP
Line:23333,HSD17B3,ENSSSCG00000010937,10,NOMAP,1,29949458,30159369,185354,30134811,NOMAP
Line:23336,HSD17B3,ENSSSCG00000010937,10,NOMAP,1,29949458,30159369,185430,30134887,NOMAP
Line:23347,HSD17B3,ENSSSCG00000010937,10,NOMAP,1,29949458,30159369,185771,30135228,NOMAP
Line:23399,HSD17B3,ENSSSCG00000010937,10,NOMAP,1,29949458,30159369,187157,30136614,NOMAP
Line:23425,HSD17B3,ENSSSCG00000010937,10,NOMAP,1,29949458,30159369,188180,30137637,NOMAP
Line:23625,HSD17B3,ENSSSCG00000010937,10,NOMAP,1,29949458,30159369,193323,30142780,NOMAP
Line:23626,HSD17B3,ENSSSCG00000010937,10,NOMAP,1,29949458,30159369,193325,30142782,NOMAP
Line:23840,HSD17B3,ENSSSCG00000010937,10,NOMAP,1,29949458,30159369,200363,30149820,NOMAP
Line:24085,HSD17B3,ENSSSCG00000010937,10,NOMAP,1,29949458,30159369,206932,30156389,NOMAP
Line:24440,TGFA,ENSSSCG00000008326,3,NOMAP,-1,75427114,75437891,7668,75430224,NOMAP
Line:24451,TGFA,ENSSSCG00000008326,3,NOMAP,-1,75427114,75437891,8133,75429759,NOMAP
Line:24458,TGFA,ENSSSCG00000008326,3,NOMAP,-1,75427114,75437891,8236,75429656,NOMAP
Line:24471,TGFA,ENSSSCG00000008326,3,NOMAP,-1,75427114,75437891,8868,75429024,NOMAP
Line:24476,TGFA,ENSSSCG00000008326,3,NOMAP,-1,75427114,75437891,8916,75428976,NOMAP
Line:24484,TGFA,ENSSSCG00000008326,3,NOMAP,-1,75427114,75437891,9091,75428801,NOMAP
Line:24505,TGFA,ENSSSCG00000008326,3,NOMAP,-1,75427114,75437891,9573,75428319,NOMAP
Line:24547,TGFA,ENSSSCG00000008326,3,NOMAP,-1,75427114,75437891,10674,75427218,NOMAP
Line:24552,TGFA,ENSSSCG00000008326,3,NOMAP,-1,75427114,75437891,10739,75427153,NOMAP
Line:24785,KIT,ENSSSCG00000008842,8,NOMAP,1,43550236,43602062,4017,43554252,NOMAP
Line:24839,KIT,ENSSSCG00000008842,8,NOMAP,1,43550236,43602062,5680,43555915,NOMAP
Line:24850,KIT,ENSSSCG00000008842,8,NOMAP,1,43550236,43602062,6132,43556367,NOMAP
Line:24896,KIT,ENSSSCG00000008842,8,NOMAP,1,43550236,43602062,7752,43557987,NOMAP
Line:24940,KIT,ENSSSCG00000008842,8,NOMAP,1,43550236,43602062,9074,43559309,NOMAP
Line:24946,KIT,ENSSSCG00000008842,8,NOMAP,1,43550236,43602062,9250,43559485,NOMAP
Line:24961,KIT,ENSSSCG00000008842,8,NOMAP,1,43550236,43602062,9487,43559722,NOMAP
Line:24970,KIT,ENSSSCG00000008842,8,NOMAP,1,43550236,43602062,10095,43560330,NOMAP
Line:24977,KIT,ENSSSCG00000008842,8,NOMAP,1,43550236,43602062,10481,43560716,NOMAP
Line:25009,KIT,ENSSSCG00000008842,8,NOMAP,1,43550236,43602062,11263,43561498,NOMAP
Line:25066,KIT,ENSSSCG00000008842,8,NOMAP,1,43550236,43602062,13180,43563415,NOMAP
Line:25128,KIT,ENSSSCG00000008842,8,NOMAP,1,43550236,43602062,15146,43565381,NOMAP
Line:26067,KIT,ENSSSCG00000008842,8,NOMAP,1,43550236,43602062,47504,43597739,NOMAP
Line:26115,KIT,ENSSSCG00000008842,8,NOMAP,1,43550236,43602062,49250,43599485,NOMAP
Line:26230,DEFB128,ENSSSCG00000007214,17,NOMAP,1,39738338,39740099,918,39739255,NOMAP
Line:26766,ALB,ENSSSCG00000008948,8,NOMAP,-1,73610470,73630121,2080,73628042,NOMAP
Line:27014,ALB,ENSSSCG00000008948,8,NOMAP,-1,73610470,73630121,17642,73612480,NOMAP
Line:29858,SIGLEC1,ENSSSCG00000007146,17,NOMAP,1,36328314,36349591,21184,36349497,NOMAP
Line:30996,ATRN,ENSSSCG00000007153,17,NOMAP,-1,36381690,36619079,95297,36523783,NOMAP
Line:30997,ATRN,ENSSSCG00000007153,17,NOMAP,-1,36381690,36619079,95348,36523732,NOMAP
Line:30998,ATRN,ENSSSCG00000007153,17,NOMAP,-1,36381690,36619079,95370,36523710,NOMAP
Line:30999,ATRN,ENSSSCG00000007153,17,NOMAP,-1,36381690,36619079,95407,36523673,NOMAP
Line:31000,ATRN,ENSSSCG00000007153,17,NOMAP,-1,36381690,36619079,95410,36523670,NOMAP
Line:31001,ATRN,ENSSSCG00000007153,17,NOMAP,-1,36381690,36619079,95468,36523612,NOMAP
Line:31002,ATRN,ENSSSCG00000007153,17,NOMAP,-1,36381690,36619079,95484,36523596,NOMAP
Line:31003,ATRN,ENSSSCG00000007153,17,NOMAP,-1,36381690,36619079,95529,36523551,NOMAP
Line:31004,ATRN,ENSSSCG00000007153,17,NOMAP,-1,36381690,36619079,95544,36523536,NOMAP
Line:31005,ATRN,ENSSSCG00000007153,17,NOMAP,-1,36381690,36619079,95561,36523519,NOMAP
Line:31006,ATRN,ENSSSCG00000007153,17,NOMAP,-1,36381690,36619079,95620,36523460,NOMAP
Line:31007,ATRN,ENSSSCG00000007153,17,NOMAP,-1,36381690,36619079,95670,36523410,NOMAP
Line:31008,ATRN,ENSSSCG00000007153,17,NOMAP,-1,36381690,36619079,95671,36523409,NOMAP
Line:31036,ATRN,ENSSSCG00000007153,17,NOMAP,-1,36381690,36619079,96568,36522512,NOMAP
Line:31151,ATRN,ENSSSCG00000007153,17,NOMAP,-1,36381690,36619079,99571,36519509,NOMAP
Line:31442,ATRN,ENSSSCG00000007153,17,NOMAP,-1,36381690,36619079,109276,36509804,NOMAP
Line:31457,ATRN,ENSSSCG00000007153,17,NOMAP,-1,36381690,36619079,109782,36509298,NOMAP
Line:31708,ATRN,ENSSSCG00000007153,17,NOMAP,-1,36381690,36619079,120426,36498654,NOMAP
Line:32030,ATRN,ENSSSCG00000007153,17,NOMAP,-1,36381690,36619079,132290,36486790,NOMAP
Line:32081,ATRN,ENSSSCG00000007153,17,NOMAP,-1,36381690,36619079,134149,36484931,NOMAP
Line:32336,ATRN,ENSSSCG00000007153,17,NOMAP,-1,36381690,36619079,143283,36475797,NOMAP
Line:32418,ATRN,ENSSSCG00000007153,17,NOMAP,-1,36381690,36619079,146194,36472886,NOMAP
Line:32419,ATRN,ENSSSCG00000007153,17,NOMAP,-1,36381690,36619079,146208,36472872,NOMAP
Line:32420,ATRN,ENSSSCG00000007153,17,NOMAP,-1,36381690,36619079,146214,36472866,NOMAP
Line:32421,ATRN,ENSSSCG00000007153,17,NOMAP,-1,36381690,36619079,146324,36472756,NOMAP
Line:32422,ATRN,ENSSSCG00000007153,17,NOMAP,-1,36381690,36619079,146363,36472717,NOMAP
Line:32487,ATRN,ENSSSCG00000007153,17,NOMAP,-1,36381690,36619079,148888,36470192,NOMAP
Line:32528,ATRN,ENSSSCG00000007153,17,NOMAP,-1,36381690,36619079,149896,36469184,NOMAP
Line:32558,ATRN,ENSSSCG00000007153,17,NOMAP,-1,36381690,36619079,151125,36467955,NOMAP
Line:32597,ATRN,ENSSSCG00000007153,17,NOMAP,-1,36381690,36619079,152301,36466779,NOMAP
Line:32622,ATRN,ENSSSCG00000007153,17,NOMAP,-1,36381690,36619079,153190,36465890,NOMAP
Line:32718,ATRN,ENSSSCG00000007153,17,NOMAP,-1,36381690,36619079,156721,36462359,NOMAP
Line:32730,ATRN,ENSSSCG00000007153,17,NOMAP,-1,36381690,36619079,157466,36461614,NOMAP
Line:32759,ATRN,ENSSSCG00000007153,17,NOMAP,-1,36381690,36619079,158388,36460692,NOMAP
Line:32799,ATRN,ENSSSCG00000007153,17,NOMAP,-1,36381690,36619079,159456,36459624,NOMAP
Line:32827,ATRN,ENSSSCG00000007153,17,NOMAP,-1,36381690,36619079,160211,36458869,NOMAP
Line:32835,ATRN,ENSSSCG00000007153,17,NOMAP,-1,36381690,36619079,160409,36458671,NOMAP
Line:32836,ATRN,ENSSSCG00000007153,17,NOMAP,-1,36381690,36619079,160418,36458662,NOMAP
Line:32997,ATRN,ENSSSCG00000007153,17,NOMAP,-1,36381690,36619079,165527,36453553,NOMAP
Line:33188,ATRN,ENSSSCG00000007153,17,NOMAP,-1,36381690,36619079,170569,36448511,NOMAP
Line:33229,ATRN,ENSSSCG00000007153,17,NOMAP,-1,36381690,36619079,171789,36447291,NOMAP
Line:33254,ATRN,ENSSSCG00000007153,17,NOMAP,-1,36381690,36619079,173141,36445939,NOMAP
Line:33272,ATRN,ENSSSCG00000007153,17,NOMAP,-1,36381690,36619079,173657,36445423,NOMAP
Line:33290,ATRN,ENSSSCG00000007153,17,NOMAP,-1,36381690,36619079,174299,36444781,NOMAP
Line:33363,ATRN,ENSSSCG00000007153,17,NOMAP,-1,36381690,36619079,177772,36441308,NOMAP
Line:33426,ATRN,ENSSSCG00000007153,17,NOMAP,-1,36381690,36619079,180421,36438659,NOMAP
Line:33455,ATRN,ENSSSCG00000007153,17,NOMAP,-1,36381690,36619079,181347,36437733,NOMAP
Line:33476,ATRN,ENSSSCG00000007153,17,NOMAP,-1,36381690,36619079,182063,36437017,NOMAP
Line:34147,ATRN,ENSSSCG00000007153,17,NOMAP,-1,36381690,36619079,208346,36410734,NOMAP
Line:34260,ATRN,ENSSSCG00000007153,17,NOMAP,-1,36381690,36619079,213412,36405668,NOMAP
Line:34340,ATRN,ENSSSCG00000007153,17,NOMAP,-1,36381690,36619079,215852,36403228,NOMAP
Line:34409,ATRN,ENSSSCG00000007153,17,NOMAP,-1,36381690,36619079,218152,36400928,NOMAP
Line:34616,ATRN,ENSSSCG00000007153,17,NOMAP,-1,36381690,36619079,228127,36390953,NOMAP
Line:34660,ATRN,ENSSSCG00000007153,17,NOMAP,-1,36381690,36619079,229885,36389195,NOMAP
Line:35653,TLR2,ENSSSCG00000009002,8,NOMAP,-1,79824541,79834592,1402,79833191,NOMAP
Line:36148,DEFB123,ENSSSCG00000007226,17,NOMAP,-1,39872174,39877422,1481,39875942,NOMAP
Line:36265,DEFB123,ENSSSCG00000007226,17,NOMAP,-1,39872174,39877422,4247,39873176,NOMAP
Line:36333,SRD5A2,ENSSSCG00000008521,3,NOMAP,1,114644272,114657350,1046,114645317,NOMAP
Line:36362,SRD5A2,ENSSSCG00000008521,3,NOMAP,1,114644272,114657350,2428,114646699,NOMAP
Line:36639,SRD5A2,ENSSSCG00000008521,3,NOMAP,1,114644272,114657350,12287,114656558,NOMAP
Line:36787,AKR1C1,ENSSSCG00000011147,10,NOMAP,1,71833306,71847875,2231,71835536,NOMAP
Line:36858,AKR1C1,ENSSSCG00000011147,10,NOMAP,1,71833306,71847875,3807,71837112,NOMAP
Line:37863,TGFB2,ENSSSCG00000010816,10,NOMAP,1,10354223,10478457,18052,10372274,NOMAP
Line:37875,TGFB2,ENSSSCG00000010816,10,NOMAP,1,10354223,10478457,18340,10372562,NOMAP
Line:38017,TGFB2,ENSSSCG00000010816,10,NOMAP,1,10354223,10478457,21301,10375523,NOMAP
Line:38048,TGFB2,ENSSSCG00000010816,10,NOMAP,1,10354223,10478457,21931,10376153,NOMAP
Line:38060,TGFB2,ENSSSCG00000010816,10,NOMAP,1,10354223,10478457,22195,10376417,NOMAP
Line:38063,TGFB2,ENSSSCG00000010816,10,NOMAP,1,10354223,10478457,22299,10376521,NOMAP
Line:38074,TGFB2,ENSSSCG00000010816,10,NOMAP,1,10354223,10478457,22540,10376762,NOMAP
Line:38139,TGFB2,ENSSSCG00000010816,10,NOMAP,1,10354223,10478457,23967,10378189,NOMAP
Line:38167,TGFB2,ENSSSCG00000010816,10,NOMAP,1,10354223,10478457,24837,10379059,NOMAP
Line:38188,TGFB2,ENSSSCG00000010816,10,NOMAP,1,10354223,10478457,25394,10379616,NOMAP
Line:38200,TGFB2,ENSSSCG00000010816,10,NOMAP,1,10354223,10478457,25799,10380021,NOMAP
Line:38204,TGFB2,ENSSSCG00000010816,10,NOMAP,1,10354223,10478457,25921,10380143,NOMAP
Line:38254,TGFB2,ENSSSCG00000010816,10,NOMAP,1,10354223,10478457,26970,10381192,NOMAP
Line:38255,TGFB2,ENSSSCG00000010816,10,NOMAP,1,10354223,10478457,26975,10381197,NOMAP
Line:38257,TGFB2,ENSSSCG00000010816,10,NOMAP,1,10354223,10478457,27027,10381249,NOMAP
Line:38386,TGFB2,ENSSSCG00000010816,10,NOMAP,1,10354223,10478457,29701,10383923,NOMAP
Line:39149,TGFB2,ENSSSCG00000010816,10,NOMAP,1,10354223,10478457,48085,10402307,NOMAP
Line:39150,TGFB2,ENSSSCG00000010816,10,NOMAP,1,10354223,10478457,48094,10402316,NOMAP
Line:39495,TGFB2,ENSSSCG00000010816,10,NOMAP,1,10354223,10478457,55983,10410205,NOMAP
Line:39496,TGFB2,ENSSSCG00000010816,10,NOMAP,1,10354223,10478457,55995,10410217,NOMAP
Line:39497,TGFB2,ENSSSCG00000010816,10,NOMAP,1,10354223,10478457,55996,10410218,NOMAP
Line:39498,TGFB2,ENSSSCG00000010816,10,NOMAP,1,10354223,10478457,56003,10410225,NOMAP
Line:39499,TGFB2,ENSSSCG00000010816,10,NOMAP,1,10354223,10478457,56005,10410227,NOMAP
Line:40495,TGFB2,ENSSSCG00000010816,10,NOMAP,1,10354223,10478457,81963,10436185,NOMAP
Line:40496,TGFB2,ENSSSCG00000010816,10,NOMAP,1,10354223,10478457,81981,10436203,NOMAP
Line:40546,TGFB2,ENSSSCG00000010816,10,NOMAP,1,10354223,10478457,83011,10437233,NOMAP
Line:40571,TGFB2,ENSSSCG00000010816,10,NOMAP,1,10354223,10478457,83676,10437898,NOMAP
Line:40582,TGFB2,ENSSSCG00000010816,10,NOMAP,1,10354223,10478457,83868,10438090,NOMAP
Line:41413,TGFB2,ENSSSCG00000010816,10,NOMAP,1,10354223,10478457,103959,10458181,NOMAP
Line:42049,TGFB2,ENSSSCG00000010816,10,NOMAP,1,10354223,10478457,119571,10473793,NOMAP
Line:42155,TGFB2,ENSSSCG00000010816,10,NOMAP,1,10354223,10478457,123087,10477309,NOMAP
Line:42167,TGFB2,ENSSSCG00000010816,10,NOMAP,1,10354223,10478457,123374,10477596,NOMAP
Line:43951,NDST3,ENSSSCG00000009115,8,NOMAP,-1,112936929,113071813,40180,113031634,NOMAP
Line:48906,VIM,ENSSSCG00000011033,10,NOMAP,1,48227005,48235670,3594,48230598,NOMAP
Line:49515,HTR2A,ENSSSCG00000009406,11,NOMAP,1,20896282,20956369,6947,20903228,NOMAP
Line:49789,HTR2A,ENSSSCG00000009406,11,NOMAP,1,20896282,20956369,13705,20909986,NOMAP
Line:49801,HTR2A,ENSSSCG00000009406,11,NOMAP,1,20896282,20956369,13884,20910165,NOMAP
Line:49812,HTR2A,ENSSSCG00000009406,11,NOMAP,1,20896282,20956369,14057,20910338,NOMAP
Line:49829,HTR2A,ENSSSCG00000009406,11,NOMAP,1,20896282,20956369,14354,20910635,NOMAP
Line:49833,HTR2A,ENSSSCG00000009406,11,NOMAP,1,20896282,20956369,14385,20910666,NOMAP
Line:49854,HTR2A,ENSSSCG00000009406,11,NOMAP,1,20896282,20956369,14792,20911073,NOMAP
Line:49884,HTR2A,ENSSSCG00000009406,11,NOMAP,1,20896282,20956369,15384,20911665,NOMAP
Line:49885,HTR2A,ENSSSCG00000009406,11,NOMAP,1,20896282,20956369,15405,20911686,NOMAP
Line:49937,HTR2A,ENSSSCG00000009406,11,NOMAP,1,20896282,20956369,16648,20912929,NOMAP
Line:50127,HTR2A,ENSSSCG00000009406,11,NOMAP,1,20896282,20956369,20631,20916912,NOMAP
Line:50132,HTR2A,ENSSSCG00000009406,11,NOMAP,1,20896282,20956369,20722,20917003,NOMAP
Line:50313,HTR2A,ENSSSCG00000009406,11,NOMAP,1,20896282,20956369,23701,20919982,NOMAP
Line:50734,HTR2A,ENSSSCG00000009406,11,NOMAP,1,20896282,20956369,30902,20927183,NOMAP
Line:50971,HTR2A,ENSSSCG00000009406,11,NOMAP,1,20896282,20956369,36101,20932382,NOMAP
Line:50976,HTR2A,ENSSSCG00000009406,11,NOMAP,1,20896282,20956369,36139,20932420,NOMAP
Line:50986,HTR2A,ENSSSCG00000009406,11,NOMAP,1,20896282,20956369,36313,20932594,NOMAP
Line:51010,HTR2A,ENSSSCG00000009406,11,NOMAP,1,20896282,20956369,36989,20933270,NOMAP
Line:51042,HTR2A,ENSSSCG00000009406,11,NOMAP,1,20896282,20956369,37902,20934183,NOMAP
Line:51056,HTR2A,ENSSSCG00000009406,11,NOMAP,1,20896282,20956369,38139,20934420,NOMAP
Line:51065,HTR2A,ENSSSCG00000009406,11,NOMAP,1,20896282,20956369,38364,20934645,NOMAP
Line:51099,HTR2A,ENSSSCG00000009406,11,NOMAP,1,20896282,20956369,38940,20935221,NOMAP
Line:51100,HTR2A,ENSSSCG00000009406,11,NOMAP,1,20896282,20956369,38941,20935222,NOMAP
Line:51107,HTR2A,ENSSSCG00000009406,11,NOMAP,1,20896282,20956369,39189,20935470,NOMAP
Line:51133,HTR2A,ENSSSCG00000009406,11,NOMAP,1,20896282,20956369,39585,20935866,NOMAP
Line:51144,HTR2A,ENSSSCG00000009406,11,NOMAP,1,20896282,20956369,39791,20936072,NOMAP
Line:51183,HTR2A,ENSSSCG00000009406,11,NOMAP,1,20896282,20956369,40496,20936777,NOMAP
Line:51189,HTR2A,ENSSSCG00000009406,11,NOMAP,1,20896282,20956369,40623,20936904,NOMAP
Line:51190,HTR2A,ENSSSCG00000009406,11,NOMAP,1,20896282,20956369,40630,20936911,NOMAP
Line:51257,HTR2A,ENSSSCG00000009406,11,NOMAP,1,20896282,20956369,42322,20938603,NOMAP
Line:51632,HTR2A,ENSSSCG00000009406,11,NOMAP,1,20896282,20956369,51733,20948014,NOMAP
Line:51683,HTR2A,ENSSSCG00000009406,11,NOMAP,1,20896282,20956369,53140,20949421,NOMAP
Line:51994,EDNRB,ENSSSCG00000009477,11,NOMAP,-1,54691946,54718001,1951,54716051,NOMAP
Line:52802,BD129,ENSSSCG00000007218,17,NOMAP,1,39721852,39725035,1487,39723338,NOMAP
Line:53229,TLR10,ENSSSCG00000027877,8,NOMAP,-1,31604732,31615025,4959,31610067,NOMAP
Line:53252,TLR10,ENSSSCG00000027877,8,NOMAP,-1,31604732,31615025,5477,31609549,NOMAP
Line:53286,TLR10,ENSSSCG00000027877,8,NOMAP,-1,31604732,31615025,7154,31607872,NOMAP
Line:53308,TLR10,ENSSSCG00000027877,8,NOMAP,-1,31604732,31615025,7855,31607171,NOMAP
Line:53660,HTR6,ENSSSCG00000025244,6,NOMAP,1,72148250,72162252,7688,72155937,NOMAP
Line:53790,HTR6,ENSSSCG00000025244,6,NOMAP,1,72148250,72162252,12125,72160374,NOMAP
Line:53859,HSD17B12,ENSSSCG00000021739,2,NOMAP,-1,20061566,20211950,853,20211098,NOMAP
Line:56919,HSD17B12,ENSSSCG00000021739,2,NOMAP,-1,20061566,20211950,87213,20124738,NOMAP
Line:58690,HSD17B12,ENSSSCG00000021739,2,NOMAP,-1,20061566,20211950,135040,20076911,NOMAP
Line:59370,MAOA,ENSSSCG00000012257,X,NOMAP,-1,43132739,43209051,8200,43200852,NOMAP
Line:59735,MAOA,ENSSSCG00000012257,X,NOMAP,-1,43132739,43209051,25083,43183969,NOMAP
Line:59937,MAOA,ENSSSCG00000012257,X,NOMAP,-1,43132739,43209051,34975,43174077,NOMAP
Line:59967,MAOA,ENSSSCG00000012257,X,NOMAP,-1,43132739,43209051,36442,43172610,NOMAP
Line:60027,MAOA,ENSSSCG00000012257,X,NOMAP,-1,43132739,43209051,41429,43167623,NOMAP
Line:60039,MAOA,ENSSSCG00000012257,X,NOMAP,-1,43132739,43209051,41854,43167198,NOMAP
Line:60077,MAOA,ENSSSCG00000012257,X,NOMAP,-1,43132739,43209051,43460,43165592,NOMAP
Line:60078,MAOA,ENSSSCG00000012257,X,NOMAP,-1,43132739,43209051,43464,43165588,NOMAP
Line:60079,MAOA,ENSSSCG00000012257,X,NOMAP,-1,43132739,43209051,43465,43165587,NOMAP
Line:60122,MAOA,ENSSSCG00000012257,X,NOMAP,-1,43132739,43209051,45151,43163901,NOMAP
Line:60150,MAOA,ENSSSCG00000012257,X,NOMAP,-1,43132739,43209051,46381,43162671,NOMAP
Line:60155,MAOA,ENSSSCG00000012257,X,NOMAP,-1,43132739,43209051,46672,43162380,NOMAP
Line:60159,MAOA,ENSSSCG00000012257,X,NOMAP,-1,43132739,43209051,46933,43162119,NOMAP
Line:60182,MAOA,ENSSSCG00000012257,X,NOMAP,-1,43132739,43209051,47824,43161228,NOMAP
Line:60184,MAOA,ENSSSCG00000012257,X,NOMAP,-1,43132739,43209051,47957,43161095,NOMAP
Line:60243,MAOA,ENSSSCG00000012257,X,NOMAP,-1,43132739,43209051,50037,43159015,NOMAP
Line:60442,MAOA,ENSSSCG00000012257,X,NOMAP,-1,43132739,43209051,58070,43150982,NOMAP
Line:60521,MAOA,ENSSSCG00000012257,X,NOMAP,-1,43132739,43209051,61541,43147511,NOMAP
Line:60553,MAOA,ENSSSCG00000012257,X,NOMAP,-1,43132739,43209051,63135,43145917,NOMAP
Line:60820,MAOA,ENSSSCG00000012257,X,NOMAP,-1,43132739,43209051,74649,43134403,NOMAP
Line:60853,FDXR,ENSSSCG00000017227,12,NOMAP,1,6362554,6373263,769,6363322,NOMAP
Line:60857,FDXR,ENSSSCG00000017227,12,NOMAP,1,6362554,6373263,805,6363358,NOMAP
Line:60858,FDXR,ENSSSCG00000017227,12,NOMAP,1,6362554,6373263,870,6363423,NOMAP
Line:60861,FDXR,ENSSSCG00000017227,12,NOMAP,1,6362554,6373263,987,6363540,NOMAP
Line:61068,FDXR,ENSSSCG00000017227,12,NOMAP,1,6362554,6373263,9245,6371798,NOMAP
Line:61091,FDXR,ENSSSCG00000017227,12,NOMAP,1,6362554,6373263,9776,6372329,NOMAP
Line:61097,FDXR,ENSSSCG00000017227,12,NOMAP,1,6362554,6373263,10143,6372696,NOMAP
Line:61313,SRD5A1,ENSSSCG00000017103,16,NOMAP,-1,81668802,81694768,5748,81689021,NOMAP
Line:61337,SRD5A1,ENSSSCG00000017103,16,NOMAP,-1,81668802,81694768,6416,81688353,NOMAP
Line:61424,SRD5A1,ENSSSCG00000017103,16,NOMAP,-1,81668802,81694768,8350,81686419,NOMAP
Line:61473,SRD5A1,ENSSSCG00000017103,16,NOMAP,-1,81668802,81694768,9501,81685268,NOMAP
Line:61480,SRD5A1,ENSSSCG00000017103,16,NOMAP,-1,81668802,81694768,9773,81684996,NOMAP
Line:61484,SRD5A1,ENSSSCG00000017103,16,NOMAP,-1,81668802,81694768,9802,81684967,NOMAP
Line:61579,SRD5A1,ENSSSCG00000017103,16,NOMAP,-1,81668802,81694768,11763,81683006,NOMAP
Line:61697,SRD5A1,ENSSSCG00000017103,16,NOMAP,-1,81668802,81694768,15203,81679566,NOMAP
Line:61698,SRD5A1,ENSSSCG00000017103,16,NOMAP,-1,81668802,81694768,15204,81679565,NOMAP
Line:61792,SRD5A1,ENSSSCG00000017103,16,NOMAP,-1,81668802,81694768,17858,81676911,NOMAP
Line:61793,SRD5A1,ENSSSCG00000017103,16,NOMAP,-1,81668802,81694768,17860,81676909,NOMAP
Line:61830,SRD5A1,ENSSSCG00000017103,16,NOMAP,-1,81668802,81694768,18813,81675956,NOMAP
Line:61855,SRD5A1,ENSSSCG00000017103,16,NOMAP,-1,81668802,81694768,19320,81675449,NOMAP
Line:61868,SRD5A1,ENSSSCG00000017103,16,NOMAP,-1,81668802,81694768,19555,81675214,NOMAP
Line:61975,SRD5A1,ENSSSCG00000017103,16,NOMAP,-1,81668802,81694768,22864,81671905,NOMAP
Line:62024,SRD5A1,ENSSSCG00000017103,16,NOMAP,-1,81668802,81694768,24508,81670261,NOMAP
Line:62033,SRD5A1,ENSSSCG00000017103,16,NOMAP,-1,81668802,81694768,24677,81670092,NOMAP
Line:62216,HTR3B,ENSSSCG00000015053,9,NOMAP,1,46331476,46367854,8348,46339823,NOMAP
Line:62383,HTR3B,ENSSSCG00000015053,9,NOMAP,1,46331476,46367854,19683,46351158,NOMAP
Line:62568,HTR3B,ENSSSCG00000015053,9,NOMAP,1,46331476,46367854,28596,46360071,NOMAP
Line:62572,HTR3B,ENSSSCG00000015053,9,NOMAP,1,46331476,46367854,28791,46360266,NOMAP
Line:62584,HTR3B,ENSSSCG00000015053,9,NOMAP,1,46331476,46367854,30562,46362037,NOMAP
Line:63459,POR,ENSSSCG00000029988,GL894019.2,NOMAP,1,5906,54362,13637,19542,NOMAP
Line:63460,POR,ENSSSCG00000029988,GL894019.2,NOMAP,1,5906,54362,13641,19546,NOMAP
Line:63461,POR,ENSSSCG00000029988,GL894019.2,NOMAP,1,5906,54362,13708,19613,NOMAP
Line:63462,POR,ENSSSCG00000029988,GL894019.2,NOMAP,1,5906,54362,13712,19617,NOMAP
Line:63463,POR,ENSSSCG00000029988,GL894019.2,NOMAP,1,5906,54362,13746,19651,NOMAP
Line:63464,POR,ENSSSCG00000029988,GL894019.2,NOMAP,1,5906,54362,13762,19667,NOMAP
Line:63941,POR,ENSSSCG00000029988,GL894019.2,NOMAP,1,5906,54362,29335,35240,NOMAP
Line:63971,POR,ENSSSCG00000029988,GL894019.2,NOMAP,1,5906,54362,30095,36000,NOMAP
Line:64202,POR,ENSSSCG00000029988,GL894019.2,NOMAP,1,5906,54362,38788,44693,NOMAP
Line:64203,POR,ENSSSCG00000029988,GL894019.2,NOMAP,1,5906,54362,38792,44697,NOMAP
Line:64326,POR,ENSSSCG00000029988,GL894019.2,NOMAP,1,5906,54362,44248,50153,NOMAP
Line:65521,AR,ENSSSCG00000012371,X,NOMAP,1,60313335,60504856,6892,60320226,NOMAP
Line:69268,TYR,ENSSSCG00000026409,9,NOMAP,1,25164818,25214280,1055,25165872,NOMAP
Line:69272,TYR,ENSSSCG00000026409,9,NOMAP,1,25164818,25214280,1118,25165935,NOMAP
Line:69275,TYR,ENSSSCG00000026409,9,NOMAP,1,25164818,25214280,1221,25166038,NOMAP
Line:69277,TYR,ENSSSCG00000026409,9,NOMAP,1,25164818,25214280,1241,25166058,NOMAP
Line:69278,TYR,ENSSSCG00000026409,9,NOMAP,1,25164818,25214280,1264,25166081,NOMAP
Line:69324,TYR,ENSSSCG00000026409,9,NOMAP,1,25164818,25214280,2802,25167619,NOMAP
Line:69396,TYR,ENSSSCG00000026409,9,NOMAP,1,25164818,25214280,5385,25170202,NOMAP
Line:69414,TYR,ENSSSCG00000026409,9,NOMAP,1,25164818,25214280,5904,25170721,NOMAP
Line:69542,TYR,ENSSSCG00000026409,9,NOMAP,1,25164818,25214280,10197,25175014,NOMAP
Line:69967,TYR,ENSSSCG00000026409,9,NOMAP,1,25164818,25214280,22511,25187328,NOMAP
Line:70056,TYR,ENSSSCG00000026409,9,NOMAP,1,25164818,25214280,24587,25189404,NOMAP
Line:70278,TYR,ENSSSCG00000026409,9,NOMAP,1,25164818,25214280,30672,25195489,NOMAP
Line:70312,TYR,ENSSSCG00000026409,9,NOMAP,1,25164818,25214280,31996,25196813,NOMAP
Line:70409,TYR,ENSSSCG00000026409,9,NOMAP,1,25164818,25214280,35047,25199864,NOMAP
Line:70486,TYR,ENSSSCG00000026409,9,NOMAP,1,25164818,25214280,38195,25203012,NOMAP
Line:70554,TYR,ENSSSCG00000026409,9,NOMAP,1,25164818,25214280,41938,25206755,NOMAP
Line:70572,TYR,ENSSSCG00000026409,9,NOMAP,1,25164818,25214280,42836,25207653,NOMAP
Line:70591,TYR,ENSSSCG00000026409,9,NOMAP,1,25164818,25214280,43448,25208265,NOMAP
Line:70729,TYR,ENSSSCG00000026409,9,NOMAP,1,25164818,25214280,47704,25212521,NOMAP
Line:70742,TYR,ENSSSCG00000026409,9,NOMAP,1,25164818,25214280,48148,25212965,NOMAP
Line:70751,TYR,ENSSSCG00000026409,9,NOMAP,1,25164818,25214280,48468,25213285,NOMAP
Line:71447,MX1,ENSSSCG00000012077,13,NOMAP,-1,214988891,215011264,16870,214994395,NOMAP
Line:71515,MX1,ENSSSCG00000012077,13,NOMAP,-1,214988891,215011264,18528,214992737,NOMAP
Line:72239,PRKAG3,ENSSSCG00000016200,15,NOMAP,1,133800248,133807019,363,133800610,NOMAP
Line:72251,PRKAG3,ENSSSCG00000016200,15,NOMAP,1,133800248,133807019,787,133801034,NOMAP
Line:72259,PRKAG3,ENSSSCG00000016200,15,NOMAP,1,133800248,133807019,1418,133801665,NOMAP
Line:72260,PRKAG3,ENSSSCG00000016200,15,NOMAP,1,133800248,133807019,1543,133801790,NOMAP
Line:72261,PRKAG3,ENSSSCG00000016200,15,NOMAP,1,133800248,133807019,1588,133801835,NOMAP
Line:72322,PRKAG3,ENSSSCG00000016200,15,NOMAP,1,133800248,133807019,4350,133804597,NOMAP
Line:72356,PRKAG3,ENSSSCG00000016200,15,NOMAP,1,133800248,133807019,6256,133806503,NOMAP
Line:72554,VDR,ENSSSCG00000020864,5,NOMAP,-1,81277766,81339276,6047,81333230,NOMAP
Line:73219,VDR,ENSSSCG00000020864,5,NOMAP,-1,81277766,81339276,23070,81316207,NOMAP
Line:73864,VDR,ENSSSCG00000020864,5,NOMAP,-1,81277766,81339276,40024,81299253,NOMAP
Line:74499,VDR,ENSSSCG00000020864,5,NOMAP,-1,81277766,81339276,55947,81283330,NOMAP
Line:74501,VDR,ENSSSCG00000020864,5,NOMAP,-1,81277766,81339276,55975,81283302,NOMAP
Line:74547,VDR,ENSSSCG00000020864,5,NOMAP,-1,81277766,81339276,57650,81281627,NOMAP
Line:74750,IL10,ENSSSCG00000015652,9,NOMAP,-1,73757704,73762351,3763,73758589,NOMAP
Line:74758,IL10,ENSSSCG00000015652,9,NOMAP,-1,73757704,73762351,4226,73758126,NOMAP
Line:75217,CAST,ENSSSCG00000014170,2,NOMAP,1,106934106,107128389,2396,106936501,NOMAP
Line:75229,CAST,ENSSSCG00000014170,2,NOMAP,1,106934106,107128389,2765,106936870,NOMAP
Line:75240,CAST,ENSSSCG00000014170,2,NOMAP,1,106934106,107128389,3279,106937384,NOMAP
Line:75304,CAST,ENSSSCG00000014170,2,NOMAP,1,106934106,107128389,5096,106939201,NOMAP
Line:75305,CAST,ENSSSCG00000014170,2,NOMAP,1,106934106,107128389,5100,106939205,NOMAP
Line:75360,CAST,ENSSSCG00000014170,2,NOMAP,1,106934106,107128389,7086,106941191,NOMAP
Line:75361,CAST,ENSSSCG00000014170,2,NOMAP,1,106934106,107128389,7087,106941192,NOMAP
Line:75426,CAST,ENSSSCG00000014170,2,NOMAP,1,106934106,107128389,9316,106943421,NOMAP
Line:75636,CAST,ENSSSCG00000014170,2,NOMAP,1,106934106,107128389,15034,106949139,NOMAP
Line:75649,CAST,ENSSSCG00000014170,2,NOMAP,1,106934106,107128389,15422,106949527,NOMAP
Line:75777,CAST,ENSSSCG00000014170,2,NOMAP,1,106934106,107128389,18483,106952588,NOMAP
Line:75861,CAST,ENSSSCG00000014170,2,NOMAP,1,106934106,107128389,20408,106954513,NOMAP
Line:75922,CAST,ENSSSCG00000014170,2,NOMAP,1,106934106,107128389,21861,106955966,NOMAP
Line:76001,CAST,ENSSSCG00000014170,2,NOMAP,1,106934106,107128389,24480,106958585,NOMAP
Line:76076,CAST,ENSSSCG00000014170,2,NOMAP,1,106934106,107128389,27248,106961353,NOMAP
Line:76181,CAST,ENSSSCG00000014170,2,NOMAP,1,106934106,107128389,31033,106965138,NOMAP
Line:76313,CAST,ENSSSCG00000014170,2,NOMAP,1,106934106,107128389,36553,106970658,NOMAP
Line:76420,CAST,ENSSSCG00000014170,2,NOMAP,1,106934106,107128389,39797,106973902,NOMAP
Line:76435,CAST,ENSSSCG00000014170,2,NOMAP,1,106934106,107128389,40213,106974318,NOMAP
Line:76507,CAST,ENSSSCG00000014170,2,NOMAP,1,106934106,107128389,43341,106977446,NOMAP
Line:76508,CAST,ENSSSCG00000014170,2,NOMAP,1,106934106,107128389,43352,106977457,NOMAP
Line:76509,CAST,ENSSSCG00000014170,2,NOMAP,1,106934106,107128389,43376,106977481,NOMAP
Line:76533,CAST,ENSSSCG00000014170,2,NOMAP,1,106934106,107128389,44298,106978403,NOMAP
Line:76560,CAST,ENSSSCG00000014170,2,NOMAP,1,106934106,107128389,44928,106979033,NOMAP
Line:76663,CAST,ENSSSCG00000014170,2,NOMAP,1,106934106,107128389,47935,106982040,NOMAP
Line:76669,CAST,ENSSSCG00000014170,2,NOMAP,1,106934106,107128389,48201,106982306,NOMAP
Line:76707,CAST,ENSSSCG00000014170,2,NOMAP,1,106934106,107128389,49522,106983627,NOMAP
Line:76811,CAST,ENSSSCG00000014170,2,NOMAP,1,106934106,107128389,53517,106987622,NOMAP
Line:76960,CAST,ENSSSCG00000014170,2,NOMAP,1,106934106,107128389,58194,106992299,NOMAP
Line:76961,CAST,ENSSSCG00000014170,2,NOMAP,1,106934106,107128389,58203,106992308,NOMAP
Line:77000,CAST,ENSSSCG00000014170,2,NOMAP,1,106934106,107128389,59343,106993448,NOMAP
Line:77019,CAST,ENSSSCG00000014170,2,NOMAP,1,106934106,107128389,59991,106994096,NOMAP
Line:77031,CAST,ENSSSCG00000014170,2,NOMAP,1,106934106,107128389,60523,106994628,NOMAP
Line:77121,CAST,ENSSSCG00000014170,2,NOMAP,1,106934106,107128389,63745,106997850,NOMAP
Line:77226,CAST,ENSSSCG00000014170,2,NOMAP,1,106934106,107128389,67728,107001833,NOMAP
Line:77283,CAST,ENSSSCG00000014170,2,NOMAP,1,106934106,107128389,69322,107003427,NOMAP
Line:77480,CAST,ENSSSCG00000014170,2,NOMAP,1,106934106,107128389,77232,107011337,NOMAP
Line:77502,CAST,ENSSSCG00000014170,2,NOMAP,1,106934106,107128389,77762,107011867,NOMAP
Line:77537,CAST,ENSSSCG00000014170,2,NOMAP,1,106934106,107128389,78975,107013080,NOMAP
Line:77608,CAST,ENSSSCG00000014170,2,NOMAP,1,106934106,107128389,81139,107015244,NOMAP
Line:77630,CAST,ENSSSCG00000014170,2,NOMAP,1,106934106,107128389,81916,107016021,NOMAP
Line:77644,CAST,ENSSSCG00000014170,2,NOMAP,1,106934106,107128389,82329,107016434,NOMAP
Line:77646,CAST,ENSSSCG00000014170,2,NOMAP,1,106934106,107128389,82530,107016635,NOMAP
Line:77647,CAST,ENSSSCG00000014170,2,NOMAP,1,106934106,107128389,82534,107016639,NOMAP
Line:77648,CAST,ENSSSCG00000014170,2,NOMAP,1,106934106,107128389,82535,107016640,NOMAP
Line:77654,CAST,ENSSSCG00000014170,2,NOMAP,1,106934106,107128389,82624,107016729,NOMAP
Line:77676,CAST,ENSSSCG00000014170,2,NOMAP,1,106934106,107128389,83273,107017378,NOMAP
Line:77693,CAST,ENSSSCG00000014170,2,NOMAP,1,106934106,107128389,83790,107017895,NOMAP
Line:77726,CAST,ENSSSCG00000014170,2,NOMAP,1,106934106,107128389,84937,107019042,NOMAP
Line:77758,CAST,ENSSSCG00000014170,2,NOMAP,1,106934106,107128389,86263,107020368,NOMAP
Line:77764,CAST,ENSSSCG00000014170,2,NOMAP,1,106934106,107128389,86382,107020487,NOMAP
Line:77796,CAST,ENSSSCG00000014170,2,NOMAP,1,106934106,107128389,87007,107021112,NOMAP
Line:77829,CAST,ENSSSCG00000014170,2,NOMAP,1,106934106,107128389,87965,107022070,NOMAP
Line:77830,CAST,ENSSSCG00000014170,2,NOMAP,1,106934106,107128389,87977,107022082,NOMAP
Line:77835,CAST,ENSSSCG00000014170,2,NOMAP,1,106934106,107128389,88096,107022201,NOMAP
Line:77863,CAST,ENSSSCG00000014170,2,NOMAP,1,106934106,107128389,89043,107023148,NOMAP
Line:77889,CAST,ENSSSCG00000014170,2,NOMAP,1,106934106,107128389,89886,107023991,NOMAP
Line:77952,CAST,ENSSSCG00000014170,2,NOMAP,1,106934106,107128389,91589,107025694,NOMAP
Line:78036,CAST,ENSSSCG00000014170,2,NOMAP,1,106934106,107128389,94081,107028186,NOMAP
Line:78063,CAST,ENSSSCG00000014170,2,NOMAP,1,106934106,107128389,95042,107029147,NOMAP
Line:78064,CAST,ENSSSCG00000014170,2,NOMAP,1,106934106,107128389,95114,107029219,NOMAP
Line:78213,CAST,ENSSSCG00000014170,2,NOMAP,1,106934106,107128389,98292,107032397,NOMAP
Line:78253,CAST,ENSSSCG00000014170,2,NOMAP,1,106934106,107128389,99285,107033390,NOMAP
Line:78361,CAST,ENSSSCG00000014170,2,NOMAP,1,106934106,107128389,103484,107037589,NOMAP
Line:78492,CAST,ENSSSCG00000014170,2,NOMAP,1,106934106,107128389,107683,107041788,NOMAP
Line:78530,CAST,ENSSSCG00000014170,2,NOMAP,1,106934106,107128389,108549,107042654,NOMAP
Line:78627,CAST,ENSSSCG00000014170,2,NOMAP,1,106934106,107128389,161612,107095717,NOMAP
Line:78766,CAST,ENSSSCG00000014170,2,NOMAP,1,106934106,107128389,167145,107101250,NOMAP
Line:78852,CAST,ENSSSCG00000014170,2,NOMAP,1,106934106,107128389,169373,107103478,NOMAP
Line:78891,CAST,ENSSSCG00000014170,2,NOMAP,1,106934106,107128389,170280,107104385,NOMAP
Line:78906,CAST,ENSSSCG00000014170,2,NOMAP,1,106934106,107128389,170563,107104668,NOMAP
Line:78913,CAST,ENSSSCG00000014170,2,NOMAP,1,106934106,107128389,170929,107105034,NOMAP
Line:78924,CAST,ENSSSCG00000014170,2,NOMAP,1,106934106,107128389,171227,107105332,NOMAP
Line:78935,CAST,ENSSSCG00000014170,2,NOMAP,1,106934106,107128389,171671,107105776,NOMAP
Line:78943,CAST,ENSSSCG00000014170,2,NOMAP,1,106934106,107128389,171775,107105880,NOMAP
Line:78944,CAST,ENSSSCG00000014170,2,NOMAP,1,106934106,107128389,171776,107105881,NOMAP
Line:78983,CAST,ENSSSCG00000014170,2,NOMAP,1,106934106,107128389,173391,107107496,NOMAP
Line:78984,CAST,ENSSSCG00000014170,2,NOMAP,1,106934106,107128389,173430,107107535,NOMAP
Line:78986,CAST,ENSSSCG00000014170,2,NOMAP,1,106934106,107128389,173561,107107666,NOMAP
Line:78988,CAST,ENSSSCG00000014170,2,NOMAP,1,106934106,107128389,173587,107107692,NOMAP
Line:79004,CAST,ENSSSCG00000014170,2,NOMAP,1,106934106,107128389,173924,107108029,NOMAP
Line:79013,CAST,ENSSSCG00000014170,2,NOMAP,1,106934106,107128389,174062,107108167,NOMAP
Line:79014,CAST,ENSSSCG00000014170,2,NOMAP,1,106934106,107128389,174079,107108184,NOMAP
Line:79174,CAST,ENSSSCG00000014170,2,NOMAP,1,106934106,107128389,179190,107113295,NOMAP
Line:79201,CAST,ENSSSCG00000014170,2,NOMAP,1,106934106,107128389,179879,107113984,NOMAP
Line:79540,CAST,ENSSSCG00000014170,2,NOMAP,1,106934106,107128389,190040,107124145,NOMAP
Line:79541,CAST,ENSSSCG00000014170,2,NOMAP,1,106934106,107128389,190055,107124160,NOMAP
Line:79542,CAST,ENSSSCG00000014170,2,NOMAP,1,106934106,107128389,190064,107124169,NOMAP
Line:79543,CAST,ENSSSCG00000014170,2,NOMAP,1,106934106,107128389,190301,107124406,NOMAP
Line:83819,HTR4,ENSSSCG00000014428,2,NOMAP,-1,156451710,156556790,99731,156457060,NOMAP
Line:83910,HTR4,ENSSSCG00000014428,2,NOMAP,-1,156451710,156556790,102874,156453917,NOMAP
Line:84025,TLR8,ENSSSCG00000012118,X,NOMAP,1,10500862,10512940,673,10501534,NOMAP
Line:84776,CYP19A1,ENSSSCG00000030168,1,NOMAP,1,133903979,133936093,14957,133918935,NOMAP
Line:85064,HSD17B4,ENSSSCG00000028431,2,NOMAP,1,128752210,128798132,1265,128753474,NOMAP
Line:85069,HSD17B4,ENSSSCG00000028431,2,NOMAP,1,128752210,128798132,1411,128753620,NOMAP
Line:85366,HSD17B4,ENSSSCG00000028431,2,NOMAP,1,128752210,128798132,13685,128765894,NOMAP
Line:85426,HSD17B4,ENSSSCG00000028431,2,NOMAP,1,128752210,128798132,16404,128768613,NOMAP
Line:85427,HSD17B4,ENSSSCG00000028431,2,NOMAP,1,128752210,128798132,16405,128768614,NOMAP
Line:85428,HSD17B4,ENSSSCG00000028431,2,NOMAP,1,128752210,128798132,16408,128768617,NOMAP
Line:85429,HSD17B4,ENSSSCG00000028431,2,NOMAP,1,128752210,128798132,16409,128768618,NOMAP
Line:85430,HSD17B4,ENSSSCG00000028431,2,NOMAP,1,128752210,128798132,16414,128768623,NOMAP
Line:85431,HSD17B4,ENSSSCG00000028431,2,NOMAP,1,128752210,128798132,16422,128768631,NOMAP
Line:85432,HSD17B4,ENSSSCG00000028431,2,NOMAP,1,128752210,128798132,16599,128768808,NOMAP
Line:85535,HSD17B4,ENSSSCG00000028431,2,NOMAP,1,128752210,128798132,21542,128773751,NOMAP
Line:85924,HSD17B4,ENSSSCG00000028431,2,NOMAP,1,128752210,128798132,37247,128789456,NOMAP
Line:86017,HSD17B4,ENSSSCG00000028431,2,NOMAP,1,128752210,128798132,40898,128793107,NOMAP
Line:86035,HSD17B4,ENSSSCG00000028431,2,NOMAP,1,128752210,128798132,42435,128794644,NOMAP
Line:86136,HSD17B4,ENSSSCG00000028431,2,NOMAP,1,128752210,128798132,45031,128797240,NOMAP
Line:86435,AKR1E2,ENSSSCG00000026214,10,NOMAP,-1,71933255,71946385,12265,71934121,NOMAP
Line:86547,MUC13,ENSSSCG00000011862,13,NOMAP,1,144997701,145020693,3843,145001543,NOMAP
Line:86589,MUC13,ENSSSCG00000011862,13,NOMAP,1,144997701,145020693,5566,145003266,NOMAP
Line:86621,MUC13,ENSSSCG00000011862,13,NOMAP,1,144997701,145020693,7077,145004777,NOMAP
Line:86749,MUC13,ENSSSCG00000011862,13,NOMAP,1,144997701,145020693,12105,145009805,NOMAP
Line:86795,MUC13,ENSSSCG00000011862,13,NOMAP,1,144997701,145020693,13687,145011387,NOMAP
Line:86800,MUC13,ENSSSCG00000011862,13,NOMAP,1,144997701,145020693,13895,145011595,NOMAP
Line:86935,MUC13,ENSSSCG00000011862,13,NOMAP,1,144997701,145020693,17707,145015407,NOMAP
Line:86945,MUC13,ENSSSCG00000011862,13,NOMAP,1,144997701,145020693,17971,145015671,NOMAP
Line:86985,MUC13,ENSSSCG00000011862,13,NOMAP,1,144997701,145020693,18808,145016508,NOMAP
Line:87001,MUC13,ENSSSCG00000011862,13,NOMAP,1,144997701,145020693,19081,145016781,NOMAP
Line:87017,MUC13,ENSSSCG00000011862,13,NOMAP,1,144997701,145020693,19497,145017197,NOMAP
Line:87029,MUC13,ENSSSCG00000011862,13,NOMAP,1,144997701,145020693,19770,145017470,NOMAP
Line:89118,NR6A1,ENSSSCG00000023876,1,NOMAP,-1,299188159,299395838,90564,299305275,NOMAP
Line:89120,NR6A1,ENSSSCG00000023876,1,NOMAP,-1,299188159,299395838,90675,299305164,NOMAP
Line:89140,NR6A1,ENSSSCG00000023876,1,NOMAP,-1,299188159,299395838,92146,299303693,NOMAP
Line:89188,NR6A1,ENSSSCG00000023876,1,NOMAP,-1,299188159,299395838,94027,299301812,NOMAP
Line:89198,NR6A1,ENSSSCG00000023876,1,NOMAP,-1,299188159,299395838,94377,299301462,NOMAP
Line:89200,NR6A1,ENSSSCG00000023876,1,NOMAP,-1,299188159,299395838,94391,299301448,NOMAP
Line:89201,NR6A1,ENSSSCG00000023876,1,NOMAP,-1,299188159,299395838,94399,299301440,NOMAP
Line:89228,NR6A1,ENSSSCG00000023876,1,NOMAP,-1,299188159,299395838,95912,299299927,NOMAP
Line:89823,NR6A1,ENSSSCG00000023876,1,NOMAP,-1,299188159,299395838,123091,299272748,NOMAP
Line:89824,NR6A1,ENSSSCG00000023876,1,NOMAP,-1,299188159,299395838,123092,299272747,NOMAP
Line:89825,NR6A1,ENSSSCG00000023876,1,NOMAP,-1,299188159,299395838,123094,299272745,NOMAP
Line:89826,NR6A1,ENSSSCG00000023876,1,NOMAP,-1,299188159,299395838,123248,299272591,NOMAP
Line:91464,NR6A1,ENSSSCG00000023876,1,NOMAP,-1,299188159,299395838,202270,299193569,NOMAP
Line:91650,IFNA1,ENSSSCG00000031002,1,NOMAP,1,225181084,225181653,195,225181278,NOMAP
Line:91654,IFNA1,ENSSSCG00000031002,1,NOMAP,1,225181084,225181653,482,225181565,NOMAP
Line:92012,DRD2,ENSSSCG00000015048,9,NOMAP,1,45883079,45897704,5598,45888676,NOMAP
Line:92549,DEFB2,ENSSSCG00000029990,15,NOMAP,1,43346318,43357071,6491,43352808,NOMAP
Line:92550,DEFB2,ENSSSCG00000029990,15,NOMAP,1,43346318,43357071,6492,43352809,NOMAP
Line:93002,HTR2B,ENSSSCG00000016273,15,NOMAP,-1,145562110,145576395,11948,145564448,NOMAP
Line:93201,HSD11B1,ENSSSCG00000015616,GL894531.1,NOMAP,-1,610,25755,6556,19200,NOMAP
Line:93543,HSD11B1,ENSSSCG00000015616,GL894531.1,NOMAP,-1,610,25755,18404,7352,NOMAP
Line:94263,TLR7,ENSSSCG00000012117,X,NOMAP,1,10450659,10476655,13973,10464631,NOMAP
Line:94381,TLR7,ENSSSCG00000012117,X,NOMAP,1,10450659,10476655,17014,10467672,NOMAP
Line:94410,TLR7,ENSSSCG00000012117,X,NOMAP,1,10450659,10476655,17801,10468459,NOMAP
Line:94417,TLR7,ENSSSCG00000012117,X,NOMAP,1,10450659,10476655,17891,10468549,NOMAP
Line:94465,TLR7,ENSSSCG00000012117,X,NOMAP,1,10450659,10476655,18848,10469506,NOMAP
Line:94576,TLR7,ENSSSCG00000012117,X,NOMAP,1,10450659,10476655,21484,10472142,NOMAP
Line:94584,TLR7,ENSSSCG00000012117,X,NOMAP,1,10450659,10476655,21978,10472636,NOMAP
Line:95409,MUC4,ENSSSCG00000011850,13,NOMAP,1,143786443,143842402,39839,143826281,NOMAP
Line:95425,MUC4,ENSSSCG00000011850,13,NOMAP,1,143786443,143842402,40361,143826803,NOMAP
Line:95428,MUC4,ENSSSCG00000011850,13,NOMAP,1,143786443,143842402,40521,143826963,NOMAP
Line:96717,TLR3,ENSSSCG00000015801,15,NOMAP,-1,53840783,53852536,109,53852428,NOMAP
Line:96733,TLR3,ENSSSCG00000015801,15,NOMAP,-1,53840783,53852536,597,53851940,NOMAP
Line:96758,TLR3,ENSSSCG00000015801,15,NOMAP,-1,53840783,53852536,1750,53850787,NOMAP
Line:96794,TLR3,ENSSSCG00000015801,15,NOMAP,-1,53840783,53852536,3530,53849007,NOMAP
Line:96841,TLR3,ENSSSCG00000015801,15,NOMAP,-1,53840783,53852536,5213,53847324,NOMAP
Line:96924,HTR3C,ENSSSCG00000024689,13,NOMAP,1,131404260,131426785,282,131404541,NOMAP
Line:97162,HTR3C,ENSSSCG00000024689,13,NOMAP,1,131404260,131426785,11364,131415623,NOMAP
Line:97163,HTR3C,ENSSSCG00000024689,13,NOMAP,1,131404260,131426785,11479,131415738,NOMAP
Line:97164,HTR3C,ENSSSCG00000024689,13,NOMAP,1,131404260,131426785,11519,131415778,NOMAP
Line:97165,HTR3C,ENSSSCG00000024689,13,NOMAP,1,131404260,131426785,11576,131415835,NOMAP
Line:97166,HTR3C,ENSSSCG00000024689,13,NOMAP,1,131404260,131426785,11703,131415962,NOMAP
Line:97167,HTR3C,ENSSSCG00000024689,13,NOMAP,1,131404260,131426785,11778,131416037,NOMAP
Line:97460,STAR,ENSSSCG00000026109,15,NOMAP,1,55502052,55509990,3871,55505922,NOMAP
Line:97523,STAR,ENSSSCG00000026109,15,NOMAP,1,55502052,55509990,6713,55508764,NOMAP
Line:97655,HTR2C,ENSSSCG00000012593,X,NOMAP,1,108566657,108871722,4167,108570823,NOMAP
Line:97828,HTR2C,ENSSSCG00000012593,X,NOMAP,1,108566657,108871722,14608,108581264,NOMAP
Line:97864,HTR2C,ENSSSCG00000012593,X,NOMAP,1,108566657,108871722,17145,108583801,NOMAP
Line:98022,HTR2C,ENSSSCG00000012593,X,NOMAP,1,108566657,108871722,24736,108591392,NOMAP
Line:98996,HTR2C,ENSSSCG00000012593,X,NOMAP,1,108566657,108871722,74755,108641411,NOMAP
Line:99028,HTR2C,ENSSSCG00000012593,X,NOMAP,1,108566657,108871722,76331,108642987,NOMAP
Line:99029,HTR2C,ENSSSCG00000012593,X,NOMAP,1,108566657,108871722,76334,108642990,NOMAP
Line:99030,HTR2C,ENSSSCG00000012593,X,NOMAP,1,108566657,108871722,76339,108642995,NOMAP
Line:99226,HTR2C,ENSSSCG00000012593,X,NOMAP,1,108566657,108871722,86378,108653034,NOMAP
Line:99292,HTR2C,ENSSSCG00000012593,X,NOMAP,1,108566657,108871722,89999,108656655,NOMAP
Line:99535,HTR2C,ENSSSCG00000012593,X,NOMAP,1,108566657,108871722,105489,108672145,NOMAP
Line:99819,HTR2C,ENSSSCG00000012593,X,NOMAP,1,108566657,108871722,122353,108689009,NOMAP
Line:99896,HTR2C,ENSSSCG00000012593,X,NOMAP,1,108566657,108871722,127278,108693934,NOMAP
Line:99917,HTR2C,ENSSSCG00000012593,X,NOMAP,1,108566657,108871722,128059,108694715,NOMAP
Line:100017,HTR2C,ENSSSCG00000012593,X,NOMAP,1,108566657,108871722,133006,108699662,NOMAP
Line:100169,HTR2C,ENSSSCG00000012593,X,NOMAP,1,108566657,108871722,141408,108708064,NOMAP
Line:100201,HTR2C,ENSSSCG00000012593,X,NOMAP,1,108566657,108871722,143070,108709726,NOMAP
Line:100576,HTR2C,ENSSSCG00000012593,X,NOMAP,1,108566657,108871722,164042,108730698,NOMAP
Line:100589,HTR2C,ENSSSCG00000012593,X,NOMAP,1,108566657,108871722,164802,108731458,NOMAP
Line:100913,HTR2C,ENSSSCG00000012593,X,NOMAP,1,108566657,108871722,234427,108801083,NOMAP
Line:100915,HTR2C,ENSSSCG00000012593,X,NOMAP,1,108566657,108871722,234687,108801343,NOMAP
Line:100916,HTR2C,ENSSSCG00000012593,X,NOMAP,1,108566657,108871722,234709,108801365,NOMAP
Line:102124,HTR2C,ENSSSCG00000012593,X,NOMAP,1,108566657,108871722,299289,108865945,NOMAP
Line:102125,HTR2C,ENSSSCG00000012593,X,NOMAP,1,108566657,108871722,299309,108865965,NOMAP
