gene_name,ensembl_id,chr,strand,gene_start,gene_end,var_pos,var_pos_absolute
DEFB114,ENSSSCG00000001741,7,-1,50374514,50383719,3,50383717
DEFB114,ENSSSCG00000001741,7,-1,50374514,50383719,5,50383715
DEFB114,ENSSSCG00000001741,7,-1,50374514,50383719,62,50383658
DEFB114,ENSSSCG00000001741,7,-1,50374514,50383719,69,50383651
DEFB114,ENSSSCG00000001741,7,-1,50374514,50383719,112,50383608
DEFB114,ENSSSCG00000001741,7,-1,50374514,50383719,125,50383595
DEFB114,ENSSSCG00000001741,7,-1,50374514,50383719,212,50383508
DEFB114,ENSSSCG00000001741,7,-1,50374514,50383719,227,50383493
DEFB114,ENSSSCG00000001741,7,-1,50374514,50383719,228,50383492
DEFB114,ENSSSCG00000001741,7,-1,50374514,50383719,347,50383373
DEFB114,ENSSSCG00000001741,7,-1,50374514,50383719,349,50383371
DEFB114,ENSSSCG00000001741,7,-1,50374514,50383719,420,50383300
DEFB114,ENSSSCG00000001741,7,-1,50374514,50383719,437,50383283
DEFB114,ENSSSCG00000001741,7,-1,50374514,50383719,440,50383280
DEFB114,ENSSSCG00000001741,7,-1,50374514,50383719,457,50383263
DEFB114,ENSSSCG00000001741,7,-1,50374514,50383719,461,50383259
DEFB114,ENSSSCG00000001741,7,-1,50374514,50383719,498,50383222
DEFB114,ENSSSCG00000001741,7,-1,50374514,50383719,527,50383193
DEFB114,ENSSSCG00000001741,7,-1,50374514,50383719,553,50383167
DEFB114,ENSSSCG00000001741,7,-1,50374514,50383719,645,50383075
DEFB114,ENSSSCG00000001741,7,-1,50374514,50383719,647,50383073
DEFB114,ENSSSCG00000001741,7,-1,50374514,50383719,658,50383062
DEFB114,ENSSSCG00000001741,7,-1,50374514,50383719,671,50383049
DEFB114,ENSSSCG00000001741,7,-1,50374514,50383719,695,50383025
DEFB114,ENSSSCG00000001741,7,-1,50374514,50383719,702,50383018
DEFB114,ENSSSCG00000001741,7,-1,50374514,50383719,711,50383009
DEFB114,ENSSSCG00000001741,7,-1,50374514,50383719,714,50383006
DEFB114,ENSSSCG00000001741,7,-1,50374514,50383719,742,50382978
DEFB114,ENSSSCG00000001741,7,-1,50374514,50383719,743,50382977
DEFB114,ENSSSCG00000001741,7,-1,50374514,50383719,766,50382954
DEFB114,ENSSSCG00000001741,7,-1,50374514,50383719,810,50382910
DEFB114,ENSSSCG00000001741,7,-1,50374514,50383719,828,50382892
DEFB114,ENSSSCG00000001741,7,-1,50374514,50383719,849,50382871
DEFB114,ENSSSCG00000001741,7,-1,50374514,50383719,850,50382870
DEFB114,ENSSSCG00000001741,7,-1,50374514,50383719,855,50382865
DEFB114,ENSSSCG00000001741,7,-1,50374514,50383719,856,50382864
DEFB114,ENSSSCG00000001741,7,-1,50374514,50383719,884,50382836
DEFB114,ENSSSCG00000001741,7,-1,50374514,50383719,962,50382758
DEFB114,ENSSSCG00000001741,7,-1,50374514,50383719,972,50382748
DEFB114,ENSSSCG00000001741,7,-1,50374514,50383719,977,50382743
DEFB114,ENSSSCG00000001741,7,-1,50374514,50383719,1009,50382711
DEFB114,ENSSSCG00000001741,7,-1,50374514,50383719,1030,50382690
DEFB114,ENSSSCG00000001741,7,-1,50374514,50383719,1751,50381969
DEFB114,ENSSSCG00000001741,7,-1,50374514,50383719,1772,50381948
DEFB114,ENSSSCG00000001741,7,-1,50374514,50383719,1804,50381916
DEFB114,ENSSSCG00000001741,7,-1,50374514,50383719,1864,50381856
DEFB114,ENSSSCG00000001741,7,-1,50374514,50383719,1866,50381854
DEFB114,ENSSSCG00000001741,7,-1,50374514,50383719,1892,50381828
DEFB114,ENSSSCG00000001741,7,-1,50374514,50383719,1910,50381810
DEFB114,ENSSSCG00000001741,7,-1,50374514,50383719,1942,50381778
DEFB114,ENSSSCG00000001741,7,-1,50374514,50383719,1964,50381756
DEFB114,ENSSSCG00000001741,7,-1,50374514,50383719,1979,50381741
DEFB114,ENSSSCG00000001741,7,-1,50374514,50383719,1990,50381730
DEFB114,ENSSSCG00000001741,7,-1,50374514,50383719,2036,50381684
DEFB114,ENSSSCG00000001741,7,-1,50374514,50383719,2104,50381616
DEFB114,ENSSSCG00000001741,7,-1,50374514,50383719,2121,50381599
DEFB114,ENSSSCG00000001741,7,-1,50374514,50383719,2130,50381590
DEFB114,ENSSSCG00000001741,7,-1,50374514,50383719,2135,50381585
DEFB114,ENSSSCG00000001741,7,-1,50374514,50383719,2189,50381531
DEFB114,ENSSSCG00000001741,7,-1,50374514,50383719,2192,50381528
DEFB114,ENSSSCG00000001741,7,-1,50374514,50383719,2200,50381520
DEFB114,ENSSSCG00000001741,7,-1,50374514,50383719,2212,50381508
DEFB114,ENSSSCG00000001741,7,-1,50374514,50383719,2219,50381501
DEFB114,ENSSSCG00000001741,7,-1,50374514,50383719,2229,50381491
DEFB114,ENSSSCG00000001741,7,-1,50374514,50383719,2238,50381482
DEFB114,ENSSSCG00000001741,7,-1,50374514,50383719,2255,50381465
DEFB114,ENSSSCG00000001741,7,-1,50374514,50383719,2294,50381426
DEFB114,ENSSSCG00000001741,7,-1,50374514,50383719,2302,50381418
DEFB114,ENSSSCG00000001741,7,-1,50374514,50383719,2305,50381415
DEFB114,ENSSSCG00000001741,7,-1,50374514,50383719,2312,50381408
DEFB114,ENSSSCG00000001741,7,-1,50374514,50383719,2345,50381375
DEFB114,ENSSSCG00000001741,7,-1,50374514,50383719,2381,50381339
DEFB114,ENSSSCG00000001741,7,-1,50374514,50383719,2392,50381328
DEFB114,ENSSSCG00000001741,7,-1,50374514,50383719,2420,50381300
DEFB114,ENSSSCG00000001741,7,-1,50374514,50383719,2424,50381296
DEFB114,ENSSSCG00000001741,7,-1,50374514,50383719,2465,50381255
DEFB114,ENSSSCG00000001741,7,-1,50374514,50383719,2501,50381219
DEFB114,ENSSSCG00000001741,7,-1,50374514,50383719,2525,50381195
DEFB114,ENSSSCG00000001741,7,-1,50374514,50383719,2544,50381176
DEFB114,ENSSSCG00000001741,7,-1,50374514,50383719,2545,50381175
DEFB114,ENSSSCG00000001741,7,-1,50374514,50383719,2572,50381148
DEFB114,ENSSSCG00000001741,7,-1,50374514,50383719,2575,50381145
DEFB114,ENSSSCG00000001741,7,-1,50374514,50383719,2583,50381137
DEFB114,ENSSSCG00000001741,7,-1,50374514,50383719,2611,50381109
DEFB114,ENSSSCG00000001741,7,-1,50374514,50383719,2645,50381075
DEFB114,ENSSSCG00000001741,7,-1,50374514,50383719,2678,50381042
DEFB114,ENSSSCG00000001741,7,-1,50374514,50383719,2685,50381035
DEFB114,ENSSSCG00000001741,7,-1,50374514,50383719,2688,50381032
DEFB114,ENSSSCG00000001741,7,-1,50374514,50383719,2740,50380980
DEFB114,ENSSSCG00000001741,7,-1,50374514,50383719,2760,50380960
DEFB114,ENSSSCG00000001741,7,-1,50374514,50383719,2795,50380925
DEFB114,ENSSSCG00000001741,7,-1,50374514,50383719,2842,50380878
DEFB114,ENSSSCG00000001741,7,-1,50374514,50383719,2882,50380838
DEFB114,ENSSSCG00000001741,7,-1,50374514,50383719,2970,50380750
DEFB114,ENSSSCG00000001741,7,-1,50374514,50383719,3059,50380661
DEFB114,ENSSSCG00000001741,7,-1,50374514,50383719,3064,50380656
DEFB114,ENSSSCG00000001741,7,-1,50374514,50383719,3085,50380635
DEFB114,ENSSSCG00000001741,7,-1,50374514,50383719,3137,50380583
DEFB114,ENSSSCG00000001741,7,-1,50374514,50383719,3177,50380543
DEFB114,ENSSSCG00000001741,7,-1,50374514,50383719,3186,50380534
DEFB114,ENSSSCG00000001741,7,-1,50374514,50383719,3218,50380502
DEFB114,ENSSSCG00000001741,7,-1,50374514,50383719,3232,50380488
DEFB114,ENSSSCG00000001741,7,-1,50374514,50383719,3240,50380480
DEFB114,ENSSSCG00000001741,7,-1,50374514,50383719,3363,50380357
DEFB114,ENSSSCG00000001741,7,-1,50374514,50383719,3367,50380353
DEFB114,ENSSSCG00000001741,7,-1,50374514,50383719,3420,50380300
DEFB114,ENSSSCG00000001741,7,-1,50374514,50383719,3437,50380283
DEFB114,ENSSSCG00000001741,7,-1,50374514,50383719,3452,50380268
DEFB114,ENSSSCG00000001741,7,-1,50374514,50383719,3458,50380262
DEFB114,ENSSSCG00000001741,7,-1,50374514,50383719,3463,50380257
DEFB114,ENSSSCG00000001741,7,-1,50374514,50383719,3473,50380247
DEFB114,ENSSSCG00000001741,7,-1,50374514,50383719,3476,50380244
DEFB114,ENSSSCG00000001741,7,-1,50374514,50383719,3485,50380235
DEFB114,ENSSSCG00000001741,7,-1,50374514,50383719,3490,50380230
DEFB114,ENSSSCG00000001741,7,-1,50374514,50383719,3501,50380219
DEFB114,ENSSSCG00000001741,7,-1,50374514,50383719,3506,50380214
DEFB114,ENSSSCG00000001741,7,-1,50374514,50383719,3551,50380169
DEFB114,ENSSSCG00000001741,7,-1,50374514,50383719,3569,50380151
DEFB114,ENSSSCG00000001741,7,-1,50374514,50383719,3587,50380133
DEFB114,ENSSSCG00000001741,7,-1,50374514,50383719,3588,50380132
DEFB114,ENSSSCG00000001741,7,-1,50374514,50383719,3595,50380125
DEFB114,ENSSSCG00000001741,7,-1,50374514,50383719,3598,50380122
DEFB114,ENSSSCG00000001741,7,-1,50374514,50383719,3599,50380121
DEFB114,ENSSSCG00000001741,7,-1,50374514,50383719,3630,50380090
DEFB114,ENSSSCG00000001741,7,-1,50374514,50383719,3633,50380087
DEFB114,ENSSSCG00000001741,7,-1,50374514,50383719,3640,50380080
DEFB114,ENSSSCG00000001741,7,-1,50374514,50383719,3653,50380067
DEFB114,ENSSSCG00000001741,7,-1,50374514,50383719,3660,50380060
DEFB114,ENSSSCG00000001741,7,-1,50374514,50383719,3692,50380028
DEFB114,ENSSSCG00000001741,7,-1,50374514,50383719,3699,50380021
DEFB114,ENSSSCG00000001741,7,-1,50374514,50383719,3705,50380015
DEFB114,ENSSSCG00000001741,7,-1,50374514,50383719,3729,50379991
DEFB114,ENSSSCG00000001741,7,-1,50374514,50383719,3762,50379958
DEFB114,ENSSSCG00000001741,7,-1,50374514,50383719,3763,50379957
DEFB114,ENSSSCG00000001741,7,-1,50374514,50383719,3789,50379931
DEFB114,ENSSSCG00000001741,7,-1,50374514,50383719,3794,50379926
DEFB114,ENSSSCG00000001741,7,-1,50374514,50383719,3843,50379877
DEFB114,ENSSSCG00000001741,7,-1,50374514,50383719,3882,50379838
DEFB114,ENSSSCG00000001741,7,-1,50374514,50383719,3884,50379836
DEFB114,ENSSSCG00000001741,7,-1,50374514,50383719,3885,50379835
DEFB114,ENSSSCG00000001741,7,-1,50374514,50383719,3893,50379827
DEFB114,ENSSSCG00000001741,7,-1,50374514,50383719,3904,50379816
DEFB114,ENSSSCG00000001741,7,-1,50374514,50383719,3949,50379771
DEFB114,ENSSSCG00000001741,7,-1,50374514,50383719,3974,50379746
DEFB114,ENSSSCG00000001741,7,-1,50374514,50383719,4052,50379668
DEFB114,ENSSSCG00000001741,7,-1,50374514,50383719,4076,50379644
DEFB114,ENSSSCG00000001741,7,-1,50374514,50383719,4142,50379578
DEFB114,ENSSSCG00000001741,7,-1,50374514,50383719,4154,50379566
DEFB114,ENSSSCG00000001741,7,-1,50374514,50383719,4170,50379550
DEFB114,ENSSSCG00000001741,7,-1,50374514,50383719,4190,50379530
DEFB114,ENSSSCG00000001741,7,-1,50374514,50383719,4209,50379511
DEFB114,ENSSSCG00000001741,7,-1,50374514,50383719,4212,50379508
DEFB114,ENSSSCG00000001741,7,-1,50374514,50383719,4234,50379486
DEFB114,ENSSSCG00000001741,7,-1,50374514,50383719,4249,50379471
DEFB114,ENSSSCG00000001741,7,-1,50374514,50383719,4254,50379466
DEFB114,ENSSSCG00000001741,7,-1,50374514,50383719,4255,50379465
DEFB114,ENSSSCG00000001741,7,-1,50374514,50383719,4288,50379432
DEFB114,ENSSSCG00000001741,7,-1,50374514,50383719,4333,50379387
DEFB114,ENSSSCG00000001741,7,-1,50374514,50383719,4346,50379374
DEFB114,ENSSSCG00000001741,7,-1,50374514,50383719,4364,50379356
DEFB114,ENSSSCG00000001741,7,-1,50374514,50383719,4375,50379345
DEFB114,ENSSSCG00000001741,7,-1,50374514,50383719,4389,50379331
DEFB114,ENSSSCG00000001741,7,-1,50374514,50383719,4395,50379325
DEFB114,ENSSSCG00000001741,7,-1,50374514,50383719,4412,50379308
DEFB114,ENSSSCG00000001741,7,-1,50374514,50383719,4414,50379306
DEFB114,ENSSSCG00000001741,7,-1,50374514,50383719,4431,50379289
DEFB114,ENSSSCG00000001741,7,-1,50374514,50383719,4432,50379288
DEFB114,ENSSSCG00000001741,7,-1,50374514,50383719,4442,50379278
DEFB114,ENSSSCG00000001741,7,-1,50374514,50383719,4451,50379269
DEFB114,ENSSSCG00000001741,7,-1,50374514,50383719,4462,50379258
DEFB114,ENSSSCG00000001741,7,-1,50374514,50383719,4466,50379254
DEFB114,ENSSSCG00000001741,7,-1,50374514,50383719,4467,50379253
DEFB114,ENSSSCG00000001741,7,-1,50374514,50383719,4502,50379218
DEFB114,ENSSSCG00000001741,7,-1,50374514,50383719,4522,50379198
DEFB114,ENSSSCG00000001741,7,-1,50374514,50383719,4545,50379175
DEFB114,ENSSSCG00000001741,7,-1,50374514,50383719,4552,50379168
DEFB114,ENSSSCG00000001741,7,-1,50374514,50383719,4558,50379162
DEFB114,ENSSSCG00000001741,7,-1,50374514,50383719,4568,50379152
DEFB114,ENSSSCG00000001741,7,-1,50374514,50383719,4571,50379149
DEFB114,ENSSSCG00000001741,7,-1,50374514,50383719,4574,50379146
DEFB114,ENSSSCG00000001741,7,-1,50374514,50383719,4619,50379101
DEFB114,ENSSSCG00000001741,7,-1,50374514,50383719,4631,50379089
DEFB114,ENSSSCG00000001741,7,-1,50374514,50383719,4637,50379083
DEFB114,ENSSSCG00000001741,7,-1,50374514,50383719,4699,50379021
DEFB114,ENSSSCG00000001741,7,-1,50374514,50383719,4717,50379003
DEFB114,ENSSSCG00000001741,7,-1,50374514,50383719,4755,50378965
DEFB114,ENSSSCG00000001741,7,-1,50374514,50383719,4785,50378935
DEFB114,ENSSSCG00000001741,7,-1,50374514,50383719,4801,50378919
DEFB114,ENSSSCG00000001741,7,-1,50374514,50383719,4864,50378856
DEFB114,ENSSSCG00000001741,7,-1,50374514,50383719,4880,50378840
DEFB114,ENSSSCG00000001741,7,-1,50374514,50383719,4963,50378757
DEFB114,ENSSSCG00000001741,7,-1,50374514,50383719,4966,50378754
DEFB114,ENSSSCG00000001741,7,-1,50374514,50383719,5018,50378702
DEFB114,ENSSSCG00000001741,7,-1,50374514,50383719,5020,50378700
DEFB114,ENSSSCG00000001741,7,-1,50374514,50383719,5021,50378699
DEFB114,ENSSSCG00000001741,7,-1,50374514,50383719,5063,50378657
DEFB114,ENSSSCG00000001741,7,-1,50374514,50383719,5081,50378639
DEFB114,ENSSSCG00000001741,7,-1,50374514,50383719,5094,50378626
DEFB114,ENSSSCG00000001741,7,-1,50374514,50383719,5120,50378600
DEFB114,ENSSSCG00000001741,7,-1,50374514,50383719,5128,50378592
DEFB114,ENSSSCG00000001741,7,-1,50374514,50383719,5142,50378578
DEFB114,ENSSSCG00000001741,7,-1,50374514,50383719,5144,50378576
DEFB114,ENSSSCG00000001741,7,-1,50374514,50383719,5174,50378546
DEFB114,ENSSSCG00000001741,7,-1,50374514,50383719,5177,50378543
DEFB114,ENSSSCG00000001741,7,-1,50374514,50383719,5257,50378463
DEFB114,ENSSSCG00000001741,7,-1,50374514,50383719,5258,50378462
DEFB114,ENSSSCG00000001741,7,-1,50374514,50383719,5278,50378442
DEFB114,ENSSSCG00000001741,7,-1,50374514,50383719,5289,50378431
DEFB114,ENSSSCG00000001741,7,-1,50374514,50383719,5308,50378412
DEFB114,ENSSSCG00000001741,7,-1,50374514,50383719,5344,50378376
DEFB114,ENSSSCG00000001741,7,-1,50374514,50383719,5354,50378366
DEFB114,ENSSSCG00000001741,7,-1,50374514,50383719,5393,50378327
DEFB114,ENSSSCG00000001741,7,-1,50374514,50383719,5435,50378285
DEFB114,ENSSSCG00000001741,7,-1,50374514,50383719,5449,50378271
DEFB114,ENSSSCG00000001741,7,-1,50374514,50383719,5457,50378263
DEFB114,ENSSSCG00000001741,7,-1,50374514,50383719,5481,50378239
DEFB114,ENSSSCG00000001741,7,-1,50374514,50383719,5538,50378182
DEFB114,ENSSSCG00000001741,7,-1,50374514,50383719,5568,50378152
DEFB114,ENSSSCG00000001741,7,-1,50374514,50383719,5582,50378138
DEFB114,ENSSSCG00000001741,7,-1,50374514,50383719,5593,50378127
DEFB114,ENSSSCG00000001741,7,-1,50374514,50383719,5612,50378108
DEFB114,ENSSSCG00000001741,7,-1,50374514,50383719,5621,50378099
DEFB114,ENSSSCG00000001741,7,-1,50374514,50383719,5627,50378093
DEFB114,ENSSSCG00000001741,7,-1,50374514,50383719,5686,50378034
DEFB114,ENSSSCG00000001741,7,-1,50374514,50383719,5708,50378012
DEFB114,ENSSSCG00000001741,7,-1,50374514,50383719,5740,50377980
DEFB114,ENSSSCG00000001741,7,-1,50374514,50383719,5745,50377975
DEFB114,ENSSSCG00000001741,7,-1,50374514,50383719,5774,50377946
DEFB114,ENSSSCG00000001741,7,-1,50374514,50383719,5810,50377910
DEFB114,ENSSSCG00000001741,7,-1,50374514,50383719,5832,50377888
DEFB114,ENSSSCG00000001741,7,-1,50374514,50383719,5837,50377883
DEFB114,ENSSSCG00000001741,7,-1,50374514,50383719,5841,50377879
DEFB114,ENSSSCG00000001741,7,-1,50374514,50383719,5870,50377850
DEFB114,ENSSSCG00000001741,7,-1,50374514,50383719,5883,50377837
DEFB114,ENSSSCG00000001741,7,-1,50374514,50383719,5938,50377782
DEFB114,ENSSSCG00000001741,7,-1,50374514,50383719,5963,50377757
DEFB114,ENSSSCG00000001741,7,-1,50374514,50383719,6020,50377700
DEFB114,ENSSSCG00000001741,7,-1,50374514,50383719,6027,50377693
DEFB114,ENSSSCG00000001741,7,-1,50374514,50383719,6031,50377689
DEFB114,ENSSSCG00000001741,7,-1,50374514,50383719,6084,50377636
DEFB114,ENSSSCG00000001741,7,-1,50374514,50383719,6106,50377614
DEFB114,ENSSSCG00000001741,7,-1,50374514,50383719,6142,50377578
DEFB114,ENSSSCG00000001741,7,-1,50374514,50383719,6149,50377571
DEFB114,ENSSSCG00000001741,7,-1,50374514,50383719,6174,50377546
DEFB114,ENSSSCG00000001741,7,-1,50374514,50383719,6194,50377526
DEFB114,ENSSSCG00000001741,7,-1,50374514,50383719,6208,50377512
DEFB114,ENSSSCG00000001741,7,-1,50374514,50383719,6211,50377509
DEFB114,ENSSSCG00000001741,7,-1,50374514,50383719,6243,50377477
DEFB114,ENSSSCG00000001741,7,-1,50374514,50383719,6258,50377462
DEFB114,ENSSSCG00000001741,7,-1,50374514,50383719,6262,50377458
DEFB114,ENSSSCG00000001741,7,-1,50374514,50383719,6281,50377439
DEFB114,ENSSSCG00000001741,7,-1,50374514,50383719,6286,50377434
DEFB114,ENSSSCG00000001741,7,-1,50374514,50383719,6336,50377384
DEFB114,ENSSSCG00000001741,7,-1,50374514,50383719,6337,50377383
DEFB114,ENSSSCG00000001741,7,-1,50374514,50383719,6372,50377348
DEFB114,ENSSSCG00000001741,7,-1,50374514,50383719,6404,50377316
DEFB114,ENSSSCG00000001741,7,-1,50374514,50383719,6405,50377315
DEFB114,ENSSSCG00000001741,7,-1,50374514,50383719,6430,50377290
DEFB114,ENSSSCG00000001741,7,-1,50374514,50383719,6433,50377287
DEFB114,ENSSSCG00000001741,7,-1,50374514,50383719,6434,50377286
DEFB114,ENSSSCG00000001741,7,-1,50374514,50383719,6446,50377274
DEFB114,ENSSSCG00000001741,7,-1,50374514,50383719,6448,50377272
DEFB114,ENSSSCG00000001741,7,-1,50374514,50383719,6531,50377189
DEFB114,ENSSSCG00000001741,7,-1,50374514,50383719,6533,50377187
DEFB114,ENSSSCG00000001741,7,-1,50374514,50383719,6558,50377162
DEFB114,ENSSSCG00000001741,7,-1,50374514,50383719,6589,50377131
DEFB114,ENSSSCG00000001741,7,-1,50374514,50383719,6607,50377113
DEFB114,ENSSSCG00000001741,7,-1,50374514,50383719,6611,50377109
DEFB114,ENSSSCG00000001741,7,-1,50374514,50383719,6656,50377064
DEFB114,ENSSSCG00000001741,7,-1,50374514,50383719,6699,50377021
DEFB114,ENSSSCG00000001741,7,-1,50374514,50383719,6730,50376990
DEFB114,ENSSSCG00000001741,7,-1,50374514,50383719,6756,50376964
DEFB114,ENSSSCG00000001741,7,-1,50374514,50383719,6767,50376953
DEFB114,ENSSSCG00000001741,7,-1,50374514,50383719,6778,50376942
DEFB114,ENSSSCG00000001741,7,-1,50374514,50383719,6779,50376941
DEFB114,ENSSSCG00000001741,7,-1,50374514,50383719,6784,50376936
DEFB114,ENSSSCG00000001741,7,-1,50374514,50383719,6794,50376926
DEFB114,ENSSSCG00000001741,7,-1,50374514,50383719,6837,50376883
DEFB114,ENSSSCG00000001741,7,-1,50374514,50383719,6840,50376880
DEFB114,ENSSSCG00000001741,7,-1,50374514,50383719,6842,50376878
DEFB114,ENSSSCG00000001741,7,-1,50374514,50383719,6864,50376856
DEFB114,ENSSSCG00000001741,7,-1,50374514,50383719,6876,50376844
DEFB114,ENSSSCG00000001741,7,-1,50374514,50383719,6890,50376830
DEFB114,ENSSSCG00000001741,7,-1,50374514,50383719,6891,50376829
DEFB114,ENSSSCG00000001741,7,-1,50374514,50383719,6918,50376802
DEFB114,ENSSSCG00000001741,7,-1,50374514,50383719,6941,50376779
DEFB114,ENSSSCG00000001741,7,-1,50374514,50383719,6970,50376750
DEFB114,ENSSSCG00000001741,7,-1,50374514,50383719,7009,50376711
DEFB114,ENSSSCG00000001741,7,-1,50374514,50383719,7012,50376708
DEFB114,ENSSSCG00000001741,7,-1,50374514,50383719,7076,50376644
DEFB114,ENSSSCG00000001741,7,-1,50374514,50383719,7101,50376619
DEFB114,ENSSSCG00000001741,7,-1,50374514,50383719,7147,50376573
DEFB114,ENSSSCG00000001741,7,-1,50374514,50383719,7173,50376547
DEFB114,ENSSSCG00000001741,7,-1,50374514,50383719,7178,50376542
DEFB114,ENSSSCG00000001741,7,-1,50374514,50383719,7238,50376482
DEFB114,ENSSSCG00000001741,7,-1,50374514,50383719,7249,50376471
DEFB114,ENSSSCG00000001741,7,-1,50374514,50383719,7306,50376414
DEFB114,ENSSSCG00000001741,7,-1,50374514,50383719,7334,50376386
DEFB114,ENSSSCG00000001741,7,-1,50374514,50383719,7374,50376346
DEFB114,ENSSSCG00000001741,7,-1,50374514,50383719,7401,50376319
DEFB114,ENSSSCG00000001741,7,-1,50374514,50383719,7420,50376300
DEFB114,ENSSSCG00000001741,7,-1,50374514,50383719,7427,50376293
DEFB114,ENSSSCG00000001741,7,-1,50374514,50383719,7442,50376278
DEFB114,ENSSSCG00000001741,7,-1,50374514,50383719,7451,50376269
DEFB114,ENSSSCG00000001741,7,-1,50374514,50383719,7488,50376232
DEFB114,ENSSSCG00000001741,7,-1,50374514,50383719,7501,50376219
DEFB114,ENSSSCG00000001741,7,-1,50374514,50383719,7502,50376218
DEFB114,ENSSSCG00000001741,7,-1,50374514,50383719,7503,50376217
DEFB114,ENSSSCG00000001741,7,-1,50374514,50383719,7506,50376214
DEFB114,ENSSSCG00000001741,7,-1,50374514,50383719,7516,50376204
DEFB114,ENSSSCG00000001741,7,-1,50374514,50383719,7519,50376201
DEFB114,ENSSSCG00000001741,7,-1,50374514,50383719,7525,50376195
DEFB114,ENSSSCG00000001741,7,-1,50374514,50383719,7613,50376107
DEFB114,ENSSSCG00000001741,7,-1,50374514,50383719,7677,50376043
DEFB114,ENSSSCG00000001741,7,-1,50374514,50383719,7679,50376041
DEFB114,ENSSSCG00000001741,7,-1,50374514,50383719,7692,50376028
DEFB114,ENSSSCG00000001741,7,-1,50374514,50383719,7736,50375984
DEFB114,ENSSSCG00000001741,7,-1,50374514,50383719,7737,50375983
DEFB114,ENSSSCG00000001741,7,-1,50374514,50383719,7760,50375960
DEFB114,ENSSSCG00000001741,7,-1,50374514,50383719,7763,50375957
DEFB114,ENSSSCG00000001741,7,-1,50374514,50383719,7786,50375934
DEFB114,ENSSSCG00000001741,7,-1,50374514,50383719,7816,50375904
DEFB114,ENSSSCG00000001741,7,-1,50374514,50383719,7838,50375882
DEFB114,ENSSSCG00000001741,7,-1,50374514,50383719,7851,50375869
DEFB114,ENSSSCG00000001741,7,-1,50374514,50383719,7875,50375845
DEFB114,ENSSSCG00000001741,7,-1,50374514,50383719,7910,50375810
DEFB114,ENSSSCG00000001741,7,-1,50374514,50383719,7999,50375721
DEFB114,ENSSSCG00000001741,7,-1,50374514,50383719,8037,50375683
DEFB114,ENSSSCG00000001741,7,-1,50374514,50383719,8167,50375553
DEFB114,ENSSSCG00000001741,7,-1,50374514,50383719,8168,50375552
DEFB114,ENSSSCG00000001741,7,-1,50374514,50383719,8172,50375548
DEFB114,ENSSSCG00000001741,7,-1,50374514,50383719,8174,50375546
DEFB114,ENSSSCG00000001741,7,-1,50374514,50383719,8178,50375542
DEFB114,ENSSSCG00000001741,7,-1,50374514,50383719,8188,50375532
DEFB114,ENSSSCG00000001741,7,-1,50374514,50383719,8217,50375503
DEFB114,ENSSSCG00000001741,7,-1,50374514,50383719,8260,50375460
DEFB114,ENSSSCG00000001741,7,-1,50374514,50383719,8326,50375394
DEFB114,ENSSSCG00000001741,7,-1,50374514,50383719,8336,50375384
DEFB114,ENSSSCG00000001741,7,-1,50374514,50383719,8337,50375383
DEFB114,ENSSSCG00000001741,7,-1,50374514,50383719,8377,50375343
DEFB114,ENSSSCG00000001741,7,-1,50374514,50383719,8403,50375317
DEFB114,ENSSSCG00000001741,7,-1,50374514,50383719,8506,50375214
DEFB114,ENSSSCG00000001741,7,-1,50374514,50383719,8540,50375180
DEFB114,ENSSSCG00000001741,7,-1,50374514,50383719,8579,50375141
DEFB114,ENSSSCG00000001741,7,-1,50374514,50383719,8624,50375096
DEFB114,ENSSSCG00000001741,7,-1,50374514,50383719,8660,50375060
DEFB114,ENSSSCG00000001741,7,-1,50374514,50383719,8740,50374980
DEFB114,ENSSSCG00000001741,7,-1,50374514,50383719,8741,50374979
DEFB114,ENSSSCG00000001741,7,-1,50374514,50383719,8747,50374973
DEFB114,ENSSSCG00000001741,7,-1,50374514,50383719,8761,50374959
DEFB114,ENSSSCG00000001741,7,-1,50374514,50383719,8799,50374921
DEFB114,ENSSSCG00000001741,7,-1,50374514,50383719,8805,50374915
DEFB114,ENSSSCG00000001741,7,-1,50374514,50383719,8821,50374899
DEFB114,ENSSSCG00000001741,7,-1,50374514,50383719,8823,50374897
DEFB114,ENSSSCG00000001741,7,-1,50374514,50383719,8841,50374879
DEFB114,ENSSSCG00000001741,7,-1,50374514,50383719,8843,50374877
DEFB114,ENSSSCG00000001741,7,-1,50374514,50383719,8873,50374847
DEFB114,ENSSSCG00000001741,7,-1,50374514,50383719,8889,50374831
DEFB114,ENSSSCG00000001741,7,-1,50374514,50383719,8953,50374767
DEFB114,ENSSSCG00000001741,7,-1,50374514,50383719,8972,50374748
DEFB114,ENSSSCG00000001741,7,-1,50374514,50383719,9010,50374710
DEFB114,ENSSSCG00000001741,7,-1,50374514,50383719,9027,50374693
DEFB114,ENSSSCG00000001741,7,-1,50374514,50383719,9037,50374683
DEFB114,ENSSSCG00000001741,7,-1,50374514,50383719,9046,50374674
DEFB114,ENSSSCG00000001741,7,-1,50374514,50383719,9200,50374520
